18561,-0.69,0.00,18192,18561,369,
19057,-0.43,0.00,18611,19057,446,
19554,0.00,0.00,19107,19554,447,
20051,0.40,0.50,19604,20051,447,
20548,0.48,0.50,20102,20548,446,
21045,0.00,0.00,20598,21045,447,
21541,-0.26,0.00,21095,21541,446,
22038,0.05,0.00,21592,22038,446,
22535,-0.69,0.00,22088,22535,447,
23031,0.38,0.00,22585,23031,446,
23528,-0.05,0.00,23081,23528,447,
24025,-0.24,0.00,23578,24025,447,
24521,-0.17,0.00,24075,24521,446,
25018,-0.36,0.00,24571,25018,447,
25516,0.52,0.50,25069,25515,446,
26012,-0.60,0.00,25566,26012,446,
26509,-1.48,-1.00,26062,26509,447,
27005,-0.52,0.00,26558,27005,447,
27502,0.29,0.00,27056,27502,446,
27999,0.26,0.00,27552,27999,447,
28495,0.38,0.00,28049,28495,446,
28992,-1.07,-1.00,28546,28992,446,
29489,0.12,0.00,29042,29489,447,
29985,-0.31,0.00,29539,29985,446,
30482,0.12,0.00,30035,30482,447,
30979,0.50,0.50,30532,30979,447,
31475,0.55,0.50,31029,31475,446,
31972,0.07,0.00,31525,31972,447,
32468,-0.19,0.00,32022,32468,446,
32965,-0.67,0.00,32519,32965,446,
33462,-0.38,0.00,33015,33462,447,
33958,-0.76,0.00,33512,33958,446,
34455,0.00,0.00,34009,34455,446,
34953,-1.02,-1.00,34506,34953,447,
35449,0.62,0.50,35003,35449,446,
35946,0.29,0.00,35500,35946,446,
36443,-0.29,0.00,35996,36443,447,
36939,0.62,0.50,36493,36939,446,
37436,0.62,0.50,36989,37436,447,
37933,-0.10,0.00,37486,37933,447,
38429,-0.26,0.00,37983,38429,446,
38926,0.19,0.00,38479,38926,447,
39422,0.67,0.50,38976,39422,446,
39919,-0.24,0.00,39473,39919,446,
40416,-0.07,0.00,39969,40416,447,
40912,0.24,0.00,40466,40912,446,
41409,0.14,0.00,40963,41409,446,
41907,-0.36,0.00,41459,41906,447,
42403,1.33,1.00,41957,42403,446,
42900,-0.29,0.00,42452,42900,448,
43397,0.05,0.00,42950,43397,447,
43893,0.67,0.50,43447,43893,446,
44390,0.52,0.50,43943,44390,447,
44887,0.95,1.00,44440,44887,447,
45383,0.48,0.50,44936,45383,447,
45880,1.14,1.00,45433,45880,447,
46376,-0.48,0.00,45930,46376,446,
46873,0.33,0.00,46427,46873,446,
47371,-0.45,0.00,46924,47371,447,
47867,-0.60,0.00,47421,47867,446,
48364,-0.10,0.00,47918,48364,446,
48861,0.60,0.50,48414,48861,447,
49357,0.33,0.00,48911,49357,446,
49854,-0.67,0.00,49408,49854,446,
50351,-0.26,0.00,49904,50351,447,
50847,0.24,0.00,50401,50847,446,
51344,0.24,0.00,50897,51344,447,
51841,-0.12,0.00,51394,51841,447,
52338,0.76,1.00,51891,52337,446,
52835,-0.07,0.00,52387,52835,448,
53331,-0.88,0.00,52885,53331,446,
53828,1.21,1.00,53382,53828,446,
54325,-0.40,0.00,53877,54325,448,
54821,-0.14,0.00,54375,54821,446,
55318,0.79,1.00,54872,55318,446,
55815,1.29,1.00,55367,55815,448,
56311,-0.45,0.00,55864,56311,447,
56808,0.19,0.00,56361,56808,447,
57305,0.36,0.00,56858,57305,447,
57801,0.29,0.00,57355,57801,446,
58298,-0.50,0.00,57851,58298,447,
58795,0.07,0.00,58348,58795,447,
59291,0.57,0.50,58845,59291,446,
59788,0.45,0.50,59341,59788,447,
60284,0.07,0.00,59839,60284,445,
60781,-0.93,0.00,60335,60781,446,
61278,0.31,0.00,60831,61278,447,
61774,-0.31,0.00,61329,61774,445,
62272,0.76,1.00,61826,62272,446,
62769,-0.36,0.00,62321,62769,448,
63265,-0.12,0.00,62819,63265,446,
63762,0.19,0.00,63315,63762,447,
64259,-0.17,0.00,63812,64259,447,
64755,0.81,1.00,64309,64755,446,
65252,0.36,0.00,64804,65252,448,
65748,0.43,0.50,65302,65748,446,
66245,-0.10,0.00,65799,66245,446,
66742,1.07,1.00,66295,66742,447,
67238,-0.21,0.00,66791,67238,447,
67735,0.69,0.50,67289,67735,446,
68232,1.60,1.50,67785,68232,447,
68728,-0.69,0.00,68281,68728,447,
69225,-0.38,0.00,68779,69225,446,
69722,0.02,0.00,69275,69722,447,
70218,0.40,0.50,69772,70218,446,
70715,-0.64,0.00,70268,70715,447,
71212,-0.60,0.00,70765,71212,447,
71708,-0.60,0.00,71262,71708,446,
72205,0.40,0.50,71758,72205,447,
72701,-0.05,0.00,72256,72701,445,
73198,0.05,0.00,72752,73198,446,
73695,0.52,0.50,73248,73695,447,
74191,-0.55,0.00,73746,74191,445,
74689,-0.48,0.00,74243,74688,445,
75186,-0.40,0.00,74739,75186,447,
75682,0.76,1.00,75236,75682,446,
76179,-0.57,0.00,75731,76179,448,
76676,0.07,0.00,76229,76676,447,
77172,0.02,0.00,76726,77172,446,
77669,-0.45,0.00,77222,77669,447,
78166,-0.10,0.00,77719,78166,447,
78662,-0.64,0.00,78216,78662,446,
79159,0.31,0.00,78712,79159,447,
79655,0.17,0.00,79209,79655,446,
80152,1.29,1.00,79706,80152,446,
80649,1.02,1.00,80201,80649,448,
81145,0.14,0.00,80698,81145,447,
81642,-0.17,0.00,81196,81642,446,
82139,-0.14,0.00,81692,82139,447,
82635,0.52,0.50,82189,82635,446,
83132,0.33,0.00,82685,83132,447,
83629,0.05,0.00,83182,83629,447,
84125,-0.14,0.00,83679,84125,446,
84622,0.33,0.00,84175,84622,447,
85118,-0.33,0.00,84672,85118,446,
85615,-0.45,0.00,85169,85615,446,
86112,-0.43,0.00,85665,86112,447,
86608,0.71,1.00,86162,86608,446,
87105,0.64,0.50,86658,87105,447,
87602,-0.62,0.00,87155,87602,447,
88098,0.21,0.00,87652,88098,446,
88595,-0.43,0.00,88148,88595,447,
89092,0.43,0.50,88645,89092,447,
89588,0.21,0.00,89142,89588,446,
90085,0.10,0.00,89638,90085,447,
90582,0.33,0.00,90135,90582,447,
91078,0.07,0.00,90632,91078,446,
91575,0.33,0.00,91128,91575,447,
92071,0.05,0.00,91625,92071,446,
92568,0.14,0.00,92122,92568,446,
93065,1.02,1.00,92619,93065,446,
93561,-0.12,0.00,93115,93561,446,
94059,0.60,0.50,93613,94059,446,
94556,0.10,0.00,94109,94556,447,
95052,-0.90,0.00,94606,95052,446,
95549,-0.29,0.00,95102,95549,447,
96046,0.31,0.00,95599,96046,447,
96542,0.12,0.00,96096,96542,446,
97039,0.26,0.00,96592,97039,447,
97536,0.55,0.50,97089,97536,447,
98032,-0.40,0.00,97586,98032,446,
98529,0.74,1.00,98082,98529,447,
99025,0.21,0.00,98578,99025,447,
99522,0.31,0.00,99076,99522,446,
100019,0.24,0.00,99572,100019,447,
100515,0.60,0.50,100069,100515,446,
101012,-0.52,0.00,100566,101012,446,
101509,-0.05,0.00,101062,101509,447,
102005,0.24,0.00,101559,102005,446,
102502,0.50,0.50,102055,102502,447,
102999,0.26,0.00,102552,102999,447,
103495,0.43,0.50,103049,103495,446,
103992,0.40,0.50,103545,103992,447,
104488,0.31,0.00,104042,104488,446,
104985,-0.57,0.00,104539,104985,446,
105482,1.19,1.00,105035,105482,447,
105978,-0.38,0.00,105531,105978,447,
106475,-0.21,0.00,106029,106475,446,
106972,-0.64,0.00,106525,106972,447,
107468,-0.33,0.00,107022,107468,446,
107965,0.07,0.00,107518,107965,447,
108462,0.02,0.00,108015,108462,447,
108958,1.02,1.00,108512,108958,446,
109455,0.14,0.00,109008,109455,447,
109952,0.26,0.00,109505,109952,447,
110448,0.12,0.00,110002,110448,446,
110945,0.40,0.50,110498,110945,447,
111441,-0.21,0.00,110995,111441,446,
111938,-0.62,0.00,111492,111938,446,
112435,0.12,0.00,111989,112435,446,
112931,0.88,1.00,112486,112931,445,
113428,0.69,0.50,112982,113428,446,
113925,0.29,0.00,113479,113925,446,
114421,0.62,0.50,113976,114421,445,
114918,0.19,0.00,114472,114918,446,
115415,0.29,0.00,114969,115415,446,
115911,0.21,0.00,115466,115911,445,
116408,0.12,0.00,115962,116408,446,
116904,0.90,1.00,116459,116904,445,
117401,-0.14,0.00,116955,117401,446,
117898,0.95,1.00,117452,117898,446,
118394,0.62,0.50,117948,118394,446,
118891,-0.02,0.00,118446,118891,445,
119388,-0.45,0.00,118942,119388,446,
119884,0.07,0.00,119439,119884,445,
120381,0.24,0.00,119936,120381,445,
120878,0.10,0.00,120432,120878,446,
121374,-0.19,0.00,120929,121374,445,
121871,0.48,0.50,121425,121871,446,
122368,0.76,1.00,121922,122368,446,
122865,-0.24,0.00,122418,122865,447,
123362,0.29,0.00,122915,123362,447,
123858,0.45,0.50,123412,123858,446,
124355,0.81,1.00,123909,124355,446,
124852,-0.05,0.00,124404,124852,448,
125348,0.67,0.50,124902,125348,446,
125845,0.43,0.50,125399,125845,446,
126342,-0.67,0.00,125895,126342,447,
126838,0.74,1.00,126392,126838,446,
127335,0.21,0.00,126887,127335,448,
127832,0.07,0.00,127385,127832,447,
128328,-0.24,0.00,127882,128328,446,
128825,0.24,0.00,128378,128825,447,
129321,0.45,0.50,128875,129321,446,
129818,0.60,0.50,129372,129818,446,
130315,0.36,0.00,129868,130315,447,
130811,1.05,1.00,130365,130811,446,
131308,0.76,1.00,130861,131308,447,
131805,1.10,1.00,131357,131805,448,
132301,0.14,0.00,131854,132301,447,
132798,0.81,1.00,132352,132798,446,
133295,0.24,0.00,132847,133295,448,
133791,0.19,0.00,133345,133791,446,
134288,0.67,0.50,133841,134288,447,
134785,0.00,0.00,134338,134785,447,
135281,0.83,1.00,134835,135281,446,
135778,0.60,0.50,135330,135778,448,
136274,-0.19,0.00,135828,136274,446,
136771,-0.10,0.00,136325,136771,446,
137268,-0.74,0.00,136821,137268,447,
137764,0.00,0.00,137318,137764,446,
138261,0.95,1.00,137815,138261,446,
138758,0.19,0.00,138310,138758,448,
139254,0.57,0.50,138808,139254,446,
139751,0.45,0.50,139304,139751,447,
140248,0.81,1.00,139801,140248,447,
140744,0.60,0.50,140298,140744,446,
141241,0.57,0.50,140794,141241,447,
141737,0.00,0.00,141291,141737,446,
142234,-0.60,0.00,141788,142234,446,
142731,0.05,0.00,142284,142731,447,
143227,0.33,0.00,142781,143227,446,
143724,0.52,0.50,143278,143724,446,
144221,0.76,1.00,143775,144221,446,
144717,0.55,0.50,144271,144717,446,
145214,0.88,1.00,144769,145214,445,
145711,0.62,0.50,145264,145711,447,
146207,-0.57,0.00,145762,146207,445,
146704,-0.86,0.00,146258,146704,446,
147201,0.67,0.50,146755,147201,446,
147697,0.55,0.50,147252,147697,445,
148194,0.17,0.00,147748,148194,446,
148691,0.76,1.00,148245,148691,446,
149188,-0.05,0.00,148741,149188,447,
149685,0.90,1.00,149238,149685,447,
150181,0.14,0.00,149734,150181,447,
150678,0.76,1.00,150232,150677,445,
151175,1.00,1.00,150727,151174,447,
151671,0.95,1.00,151224,151670,446,
152168,0.71,1.00,151720,152168,448,
152665,1.19,1.00,152217,152665,448,
153161,-0.02,0.00,152714,153161,447,
153658,0.55,0.50,153211,153658,447,
154155,0.14,0.00,153708,154155,447,
154651,1.05,1.00,154205,154651,446,
155148,0.86,1.00,154700,155148,448,
155644,-0.19,0.00,155197,155644,447,
156141,0.48,0.50,155695,156141,446,
156638,0.21,0.00,156191,156638,447,
157134,0.76,1.00,156688,157134,446,
157631,0.14,0.00,157184,157631,447,
158128,-0.95,0.00,157681,158128,447,
158624,-0.02,0.00,158178,158624,446,
159121,0.26,0.00,158674,159121,447,
159618,-0.43,0.00,159171,159618,447,
160114,0.40,0.50,159668,160114,446,
160611,0.64,0.50,160164,160611,447,
161107,-0.05,0.00,160661,161107,446,
161604,0.38,0.00,161158,161604,446,
162101,1.21,1.00,161654,162101,447,
162597,-0.12,0.00,162150,162597,447,
163094,-0.12,0.00,162648,163094,446,
163591,-1.55,-1.00,163144,163591,447,
164087,0.38,0.00,163641,164087,446,
164584,0.31,0.00,164137,164584,447,
165081,-0.10,0.00,164634,165081,447,
165577,0.00,0.00,165131,165577,446,
166074,1.14,1.00,165627,166074,447,
166571,0.14,0.00,166123,166571,448,
167067,-0.45,0.00,166621,167067,446,
167564,0.90,1.00,167117,167564,447,
168060,-1.00,-1.00,167614,168060,446,
168557,-0.21,0.00,168111,168557,446,
169054,0.50,0.50,168607,169054,447,
169550,1.19,1.00,169105,169550,445,
170048,0.21,0.00,169601,170047,446,
170545,-0.10,0.00,170098,170545,447,
171041,0.90,1.00,170595,171041,446,
171538,0.74,1.00,171090,171538,448,
172035,0.43,0.50,171587,172035,448,
172531,0.64,0.50,172085,172531,446,
173028,0.55,0.50,172581,173028,447,
173524,0.90,1.00,173078,173524,446,
174021,1.26,1.00,173575,174021,446,
174518,-1.17,-1.00,174071,174518,447,
175014,1.19,1.00,174568,175014,446,
175511,0.81,1.00,175065,175511,446,
176008,-0.26,0.00,175561,176008,447,
176504,-0.31,0.00,176059,176504,445,
177001,-0.07,0.00,176556,177001,445,
177499,0.19,0.00,177052,177499,447,
177995,-0.14,0.00,177549,177995,446,
178492,0.76,1.00,178045,178492,447,
178989,-0.45,0.00,178541,178989,448,
179485,0.38,0.00,179039,179485,446,
179982,0.29,0.00,179535,179982,447,
180478,0.24,0.00,180032,180478,446,
180975,-0.36,0.00,180529,180975,446,
181472,0.43,0.50,181025,181472,447,
181968,0.31,0.00,181522,181968,446,
182465,0.40,0.50,182019,182465,446,
182962,-0.52,0.00,182516,182962,446,
183458,0.45,0.50,183013,183458,445,
183956,0.10,0.00,183510,183955,445,
184453,-0.29,0.00,184006,184453,447,
184949,0.29,0.00,184503,184949,446,
185446,0.50,0.50,184999,185446,447,
185943,0.40,0.50,185496,185943,447,
186439,-0.10,0.00,185993,186439,446,
186936,-0.17,0.00,186489,186936,447,
187432,-0.12,0.00,186986,187432,446,
187929,-0.19,0.00,187483,187929,446,
188426,1.62,1.50,187980,188426,446,
188923,0.98,1.00,188476,188922,446,
189420,0.55,0.50,188973,189420,447,
189917,0.62,0.50,189470,189917,447,
190413,1.31,1.00,189967,190413,446,
190910,0.52,0.50,190462,190910,448,
191407,-0.29,0.00,190960,191407,447,
191903,0.33,0.00,191457,191903,446,
192400,0.45,0.50,191954,192400,446,
192898,0.52,0.50,192451,192898,447,
193394,-0.02,0.00,192948,193394,446,
193891,0.48,0.50,193444,193891,447,
194387,-0.12,0.00,193941,194387,446,
194884,0.12,0.00,194438,194884,446,
195381,0.48,0.50,194934,195381,447,
195877,0.40,0.50,195432,195877,445,
196375,0.45,0.50,195929,196374,445,
196872,0.60,0.50,196425,196872,447,
197368,1.05,1.00,196922,197368,446,
197865,0.55,0.50,197417,197865,448,
198362,0.62,0.50,197915,198362,447,
198858,-0.43,0.00,198412,198858,446,
199355,-0.50,0.00,198908,199355,447,
199852,0.98,1.00,199406,199852,446,
200348,0.21,0.00,199902,200348,446,
200846,0.64,0.50,200399,200846,447,
201342,0.71,1.00,200896,201342,446,
201839,0.24,0.00,201392,201839,447,
202336,0.24,0.00,201889,202336,447,
202832,0.21,0.00,202386,202832,446,
203329,1.02,1.00,202883,203329,446,
203826,0.62,0.50,203378,203826,448,
204322,0.52,0.50,203876,204322,446,
204819,-0.40,0.00,204372,204819,447,
205316,0.40,0.50,204869,205316,447,
205812,-0.14,0.00,205367,205812,445,
206309,0.52,0.50,205863,206309,446,
206806,0.40,0.50,206360,206806,446,
207302,0.60,0.50,206857,207302,445,
207799,0.10,0.00,207353,207799,446,
208295,0.05,0.00,207850,208295,445,
208792,-0.60,0.00,208347,208792,445,
209289,-0.21,0.00,208843,209289,446,
209785,0.74,1.00,209340,209785,445,
210283,-0.50,0.00,209836,210282,446,
210780,-0.19,0.00,210333,210780,447,
211276,-0.55,0.00,210830,211276,446,
211773,0.69,0.50,211326,211772,446,
212270,1.10,1.00,211823,212270,447,
212766,0.02,0.00,212319,212766,447,
213263,0.48,0.50,212816,213263,447,
213760,0.31,0.00,213313,213760,447,
214256,1.52,1.50,213810,214256,446,
214753,0.57,0.50,214305,214753,448,
215249,0.36,0.00,214803,215249,446,
215746,0.69,0.50,215300,215746,446,
216243,1.00,1.00,215796,216243,447,
216739,-0.45,0.00,216292,216739,447,
217236,0.19,0.00,216790,217236,446,
217733,0.17,0.00,217286,217733,447,
218229,0.24,0.00,217783,218229,446,
218726,0.69,0.50,218279,218726,447,
219223,0.48,0.50,218776,219223,447,
219719,0.33,0.00,219273,219719,446,
220216,0.14,0.00,219769,220216,447,
220712,0.64,0.50,220266,220712,446,
221209,-0.95,0.00,220764,221209,445,
221706,-0.12,0.00,221260,221706,446,
222203,-0.69,0.00,221757,222203,446,
222700,0.31,0.00,222254,222700,446,
223197,1.12,1.00,222750,223197,447,
223693,0.10,0.00,223246,223693,447,
224190,1.26,1.00,223744,224190,446,
224687,0.79,1.00,224239,224687,448,
225183,0.50,0.50,224736,225183,447,
225680,0.52,0.50,225233,225680,447,
226177,0.40,0.50,225730,226177,447,
226673,0.29,0.00,226227,226673,446,
227170,0.29,0.00,226723,227170,447,
227666,-0.14,0.00,227220,227666,446,
228163,0.86,1.00,227718,228163,445,
228661,0.05,0.00,228213,228660,447,
229157,0.83,1.00,228711,229157,446,
229654,0.36,0.00,229207,229654,447,
230151,1.05,1.00,229704,230151,447,
230647,0.95,1.00,230200,230647,447,
231144,0.62,0.50,230696,231144,448,
231641,0.29,0.00,231194,231641,447,
232137,-0.02,0.00,231691,232137,446,
232634,0.00,0.00,232187,232634,447,
233131,0.19,0.00,232684,233131,447,
233627,0.19,0.00,233181,233627,446,
234124,0.29,0.00,233678,234124,446,
234620,0.14,0.00,234175,234620,445,
235118,-1.12,-1.00,234672,235118,446,
235615,0.24,0.00,235168,235615,447,
236111,0.57,0.50,235665,236111,446,
236608,-0.24,0.00,236162,236608,446,
237105,0.38,0.00,236658,237105,447,
237601,0.60,0.50,237155,237601,446,
238098,0.76,1.00,237651,238098,447,
238595,0.90,1.00,238148,238595,447,
239091,0.67,0.50,238645,239091,446,
239588,0.90,1.00,239142,239588,446,
240084,1.31,1.00,239638,240084,446,
240581,0.33,0.00,240135,240581,446,
241078,-0.36,0.00,240632,241078,446,
241575,-0.43,0.00,241129,241575,446,
242072,1.21,1.00,241626,242072,446,
242569,-0.24,0.00,242121,242569,448,
243065,0.62,0.50,242619,243065,446,
243562,0.57,0.50,243116,243562,446,
244059,0.55,0.50,243612,244059,447,
244555,0.50,0.50,244109,244555,446,
245052,0.29,0.00,244605,245052,447,
245549,-0.07,0.00,245102,245549,447,
246045,0.60,0.50,245599,246045,446,
246542,1.02,1.00,246095,246542,447,
247038,0.02,0.00,246592,247038,446,
247535,1.02,1.00,247089,247535,446,
248032,0.81,1.00,247585,248032,447,
248528,0.38,0.00,248082,248528,446,
249025,1.17,1.00,248580,249025,445,
249523,0.60,0.50,249075,249522,447,
250019,0.57,0.50,249573,250019,446,
250516,0.74,1.00,250070,250516,446,
251013,0.90,1.00,250565,251013,448,
251509,0.26,0.00,251062,251509,447,
252006,0.29,0.00,251559,252006,447,
252503,0.79,1.00,252056,252503,447,
252999,0.33,0.00,252552,252999,447,
253496,0.62,0.50,253049,253496,447,
253992,0.76,1.00,253546,253992,446,
254489,0.12,0.00,254043,254489,446,
254986,0.36,0.00,254539,254986,447,
255482,0.52,0.50,255037,255482,445,
255979,0.40,0.50,255534,255979,445,
256477,0.83,1.00,256030,256477,447,
256973,0.64,0.50,256526,256973,447,
257470,0.45,0.50,257024,257470,446,
257967,0.98,1.00,257520,257967,447,
258463,0.71,1.00,258016,258463,447,
258960,0.12,0.00,258512,258960,448,
259457,0.36,0.00,259010,259457,447,
259953,0.71,1.00,259507,259953,446,
260450,1.00,1.00,260003,260450,447,
260946,0.50,0.50,260500,260946,446,
261443,0.81,1.00,260997,261443,446,
261940,-0.79,0.00,261493,261940,447,
262436,0.86,1.00,261990,262436,446,
262933,0.67,0.50,262487,262933,446,
263430,0.43,0.50,262984,263430,446,
263926,1.00,1.00,263481,263926,445,
264423,0.12,0.00,263976,264423,447,
264920,1.14,1.00,264474,264920,446,
265416,0.69,0.50,264970,265416,446,
265913,0.40,0.50,265467,265913,446,
266409,0.02,0.00,265964,266409,445,
266906,-0.19,0.00,266461,266906,445,
267403,-0.17,0.00,266957,267403,446,
267900,0.36,0.00,267454,267899,445,
268397,0.48,0.50,267951,268396,445,
268894,0.90,1.00,268447,268894,447,
269390,0.60,0.50,268943,269390,447,
269887,-0.31,0.00,269441,269887,446,
270384,0.02,0.00,269937,270384,447,
270880,0.57,0.50,270434,270880,446,
271377,0.17,0.00,270930,271377,447,
271874,0.38,0.00,271427,271874,447,
272370,0.40,0.50,271924,272370,446,
272867,-0.12,0.00,272420,272867,447,
273363,0.55,0.50,272917,273363,446,
273860,0.07,0.00,273414,273860,446,
274357,-0.21,0.00,273910,274357,447,
274853,0.33,0.00,274407,274853,446,
275350,1.12,1.00,274904,275350,446,
275847,0.26,0.00,275399,275847,448,
276343,-0.05,0.00,275897,276343,446,
276840,0.90,1.00,276393,276840,447,
277337,0.71,1.00,276890,277337,447,
277833,0.60,0.50,277387,277833,446,
278330,0.50,0.50,277884,278330,446,
278827,0.17,0.00,278381,278827,446,
279323,0.29,0.00,278877,279323,446,
279820,0.67,0.50,279374,279820,446,
280316,-0.52,0.00,279871,280316,445,
280813,1.74,2.00,280368,280813,445,
281310,0.86,1.00,280864,281310,446,
281806,0.33,0.00,281360,281806,446,
282303,0.45,0.50,281858,282303,445,
282800,0.21,0.00,282354,282800,446,
283297,0.36,0.00,282851,283297,446,
283794,0.07,0.00,283347,283794,447,
284291,-0.07,0.00,283844,284291,447,
284787,-0.21,0.00,284341,284787,446,
285284,0.12,0.00,284837,285284,447,
285780,0.45,0.50,285334,285780,446,
286277,0.55,0.50,285831,286277,446,
286774,0.76,1.00,286327,286774,447,
287270,0.43,0.50,286823,287270,447,
287767,-0.31,0.00,287321,287767,446,
288264,0.21,0.00,287817,288264,447,
288760,0.38,0.00,288314,288760,446,
289257,0.40,0.50,288811,289257,446,
289754,0.74,1.00,289307,289754,447,
290250,-0.21,0.00,289803,290250,447,
290747,0.19,0.00,290300,290747,447,
291244,0.50,0.50,290797,291244,447,
291740,0.05,0.00,291294,291740,446,
292237,-0.26,0.00,291790,292237,447,
292733,-0.14,0.00,292287,292733,446,
293230,1.07,1.00,292784,293230,446,
293727,0.50,0.50,293279,293727,448,
294223,0.74,1.00,293777,294223,446,
294720,-0.74,0.00,294274,294720,446,
295217,-0.31,0.00,294770,295217,447,
295713,-0.19,0.00,295267,295713,446,
296210,-0.57,0.00,295763,296210,447,
296707,1.07,1.00,296260,296707,447,
297203,0.10,0.00,296757,297203,446,
297700,-0.57,0.00,297253,297700,447,
298196,-0.05,0.00,297750,298196,446,
298693,0.93,1.00,298247,298693,446,
299190,0.43,0.50,298743,299190,447,
299686,0.14,0.00,299240,299686,446,
300183,0.19,0.00,299737,300183,446,
300680,0.67,0.50,300233,300680,447,
301176,0.00,0.00,300730,301176,446,
301673,0.83,1.00,301227,301673,446,
302170,0.45,0.50,301723,302170,447,
302666,0.40,0.50,302220,302666,446,
303163,0.40,0.50,302716,303163,447,
303660,0.64,0.50,303213,303660,447,
304156,0.60,0.50,303710,304156,446,
304653,-0.48,0.00,304206,304653,447,
305149,0.93,1.00,304703,305149,446,
305646,0.67,0.50,305200,305646,446,
306143,0.36,0.00,305696,306143,447,
306639,0.50,0.50,306193,306639,446,
307136,0.74,1.00,306691,307136,445,
307633,-0.02,0.00,307186,307633,447,
308129,0.57,0.50,307684,308129,445,
308626,0.12,0.00,308180,308626,446,
309123,0.52,0.50,308677,309123,446,
309620,0.36,0.00,309174,309620,446,
310117,0.38,0.00,309670,310117,447,
310614,0.19,0.00,310167,310614,447,
311110,-0.02,0.00,310664,311110,446,
311607,0.79,1.00,311160,311607,447,
312103,0.14,0.00,311656,312103,447,
312600,0.67,0.50,312154,312600,446,
313097,0.50,0.50,312650,313097,447,
313593,0.62,0.50,313147,313593,446,
314090,1.50,1.50,313644,314090,446,
314587,0.12,0.00,314140,314587,447,
315083,0.36,0.00,314638,315083,445,
315581,0.67,0.50,315134,315580,446,
316078,0.05,0.00,315631,316078,447,
316574,0.98,1.00,316128,316574,446,
317071,0.29,0.00,316623,317071,448,
317568,-0.31,0.00,317121,317568,447,
318064,0.24,0.00,317618,318064,446,
318561,0.67,0.50,318114,318561,447,
319057,-0.05,0.00,318611,319057,446,
319554,1.14,1.00,319108,319554,446,
320051,0.38,0.00,319604,320051,447,
320547,0.48,0.50,320101,320547,446,
321044,0.05,0.00,320599,321044,445,
321541,-0.31,0.00,321095,321541,446,
322038,0.76,1.00,321592,322038,446,
322535,0.52,0.50,322087,322535,448,
323032,1.24,1.00,322585,323032,447,
323528,0.43,0.50,323081,323528,447,
324025,0.00,0.00,323578,324025,447,
324521,0.95,1.00,324075,324521,446,
325018,0.26,0.00,324571,325018,447,
325515,-0.36,0.00,325068,325515,447,
326011,0.40,0.50,325565,326011,446,
326508,0.33,0.00,326062,326508,446,
327005,0.48,0.50,326559,327005,446,
327502,-0.55,0.00,327056,327502,446,
327999,0.52,0.50,327553,327999,446,
328496,0.98,1.00,328049,328496,447,
328992,0.45,0.50,328545,328992,447,
329489,0.02,0.00,329042,329489,447,
329986,0.43,0.50,329539,329986,447,
330483,1.21,1.00,330037,330483,446,
330980,0.48,0.50,330532,330980,448,
331476,0.40,0.50,331030,331476,446,
331973,-0.43,0.00,331527,331973,446,
332470,0.36,0.00,332023,332470,447,
332966,0.29,0.00,332520,332966,446,
333463,-1.19,-1.00,333017,333463,446,
333961,-0.10,0.00,333513,333961,448,
334457,0.21,0.00,334011,334457,446,
334954,0.45,0.50,334508,334954,446,
335451,1.31,1.00,335004,335451,447,
335947,-0.50,0.00,335501,335947,446,
336444,0.33,0.00,335997,336444,447,
336942,0.71,1.00,336495,336942,447,
337438,0.17,0.00,336991,337438,447,
337935,0.64,0.50,337488,337935,447,
338432,0.64,0.50,337985,338432,447,
338928,0.43,0.50,338482,338928,446,
339425,0.14,0.00,338979,339425,446,
339921,0.79,1.00,339476,339921,445,
340419,1.10,1.00,339972,340419,447,
340916,0.50,0.50,340468,340916,448,
341412,0.76,1.00,340966,341412,446,
341909,-0.05,0.00,341462,341909,447,
342406,0.19,0.00,341959,342406,447,
342902,0.57,0.50,342456,342902,446,
343399,1.62,1.50,342952,343399,447,
343896,-0.12,0.00,343448,343896,448,
344392,0.26,0.00,343946,344392,446,
344889,0.62,0.50,344442,344889,447,
345385,0.31,0.00,344940,345385,445,
345882,0.55,0.50,345437,345882,445,
346379,0.19,0.00,345933,346379,446,
346876,-0.14,0.00,346430,346876,446,
347373,0.24,0.00,346927,347373,446,
347870,0.81,1.00,347423,347870,447,
348366,1.05,1.00,347919,348366,447,
348863,-0.29,0.00,348416,348863,447,
349360,0.26,0.00,348913,349360,447,
349856,1.24,1.00,349410,349856,446,
350353,0.48,0.50,349906,350353,447,
350850,0.21,0.00,350403,350850,447,
351346,-0.17,0.00,350900,351346,446,
351843,-0.48,0.00,351397,351843,446,
352339,0.57,0.50,351894,352339,445,
352837,-0.36,0.00,352391,352837,446,
353334,0.55,0.50,352887,353334,447,
353830,0.67,0.50,353384,353830,446,
354327,-0.33,0.00,353881,354327,446,
354824,0.36,0.00,354377,354824,447,
355320,0.05,0.00,354874,355320,446,
355817,0.60,0.50,355371,355817,446,
356314,0.76,1.00,355867,356314,447,
356810,1.10,1.00,356364,356810,446,
357307,0.52,0.50,356860,357307,447,
357805,0.62,0.50,357358,357805,447,
358301,0.88,1.00,357855,358301,446,
358798,0.48,0.50,358350,358798,448,
359294,0.71,1.00,358848,359294,446,
359791,0.29,0.00,359344,359791,447,
360288,-0.40,0.00,359841,360288,447,
360784,0.67,0.50,360338,360784,446,
361281,0.79,1.00,360835,361281,446,
361778,-0.83,0.00,361331,361778,447,
362274,0.40,0.50,361829,362274,445,
362772,0.29,0.00,362326,362772,446,
363269,0.43,0.50,362822,363269,447,
363765,0.48,0.50,363319,363765,446,
364262,0.62,0.50,363815,364262,447,
364759,0.05,0.00,364312,364759,447,
365255,0.86,1.00,364809,365255,446,
365752,1.21,1.00,365304,365752,448,
366248,-0.48,0.00,365802,366248,446,
366745,0.81,1.00,366299,366745,446,
367242,0.43,0.50,366795,367242,447,
367738,0.83,1.00,367293,367738,445,
368235,0.26,0.00,367789,368235,446,
368733,0.31,0.00,368286,368733,447,
369229,0.86,1.00,368783,369229,446,
369726,-0.02,0.00,369278,369726,448,
370223,0.02,0.00,369776,370223,447,
370719,0.40,0.50,370273,370719,446,
371216,0.90,1.00,370769,371216,447,
371713,0.86,1.00,371265,371713,448,
372209,0.31,0.00,371763,372209,446,
372706,-0.05,0.00,372259,372706,447,
373202,-0.05,0.00,372756,373202,446,
373699,0.76,1.00,373254,373699,445,
374197,0.29,0.00,373749,374197,448,
374693,-0.17,0.00,374247,374693,446,
375190,0.12,0.00,374744,375190,446,
375687,0.43,0.50,375240,375687,447,
376183,-0.83,0.00,375737,376183,446,
376680,1.24,1.00,376233,376680,447,
377177,0.71,1.00,376730,377177,447,
377673,0.33,0.00,377227,377673,446,
378171,0.45,0.50,377724,378170,446,
378668,-0.38,0.00,378221,378668,447,
379164,-0.02,0.00,378718,379164,446,
379661,1.45,1.50,379214,379661,447,
380157,0.95,1.00,379710,380157,447,
380654,0.74,1.00,380207,380654,447,
381151,0.19,0.00,380703,381151,448,
381647,0.81,1.00,381201,381647,446,
382144,-0.64,0.00,381698,382144,446,
382641,0.36,0.00,382194,382641,447,
383137,0.81,1.00,382691,383137,446,
383634,-0.10,0.00,383187,383634,447,
384131,0.07,0.00,383685,384131,446,
384628,1.05,1.00,384182,384628,446,
385125,0.31,0.00,384677,385125,448,
385622,0.05,0.00,385175,385622,447,
386118,0.98,1.00,385672,386118,446,
386615,0.31,0.00,386167,386615,448,
387111,0.36,0.00,386665,387111,446,
387608,0.29,0.00,387162,387608,446,
388105,0.43,0.50,387658,388105,447,
388601,0.74,1.00,388155,388601,446,
389098,0.07,0.00,388652,389098,446,
389596,0.43,0.50,389149,389595,446,
390092,0.79,1.00,389646,390092,446,
390589,0.21,0.00,390141,390589,448,
391086,0.10,0.00,390639,391086,447,
391582,0.43,0.50,391136,391582,446,
392079,0.40,0.50,391632,392079,447,
392577,0.43,0.50,392130,392576,446,
393073,0.36,0.00,392627,393073,446,
393570,0.17,0.00,393123,393570,447,
394066,0.93,1.00,393620,394066,446,
394563,0.83,1.00,394116,394563,447,
395060,0.81,1.00,394613,395060,447,
395556,0.74,1.00,395110,395556,446,
396053,0.88,1.00,395607,396053,446,
396550,0.55,0.50,396103,396550,447,
397047,-0.62,0.00,396601,397047,446,
397544,0.07,0.00,397097,397544,447,
398041,0.57,0.50,397594,398041,447,
398537,-0.33,0.00,398091,398537,446,
399034,-0.19,0.00,398587,399034,447,
399531,0.38,0.00,399084,399531,447,
400027,1.14,1.00,399581,400027,446,
400524,0.64,0.50,400076,400524,448,
401020,0.57,0.50,400574,401020,446,
401517,0.81,1.00,401071,401517,446,
402014,0.26,0.00,401566,402014,448,
402510,0.50,0.50,402064,402510,446,
403007,-0.67,0.00,402561,403007,446,
403504,0.45,0.50,403057,403504,447,
404000,0.74,1.00,403555,404000,445,
404498,0.43,0.50,404050,404498,448,
404995,0.05,0.00,404548,404995,447,
405491,0.86,1.00,405045,405491,446,
405988,0.10,0.00,405540,405988,448,
406484,0.19,0.00,406038,406484,446,
406981,0.21,0.00,406535,406981,446,
407478,1.26,1.00,407031,407478,447,
407974,0.43,0.50,407528,407974,446,
408471,0.33,0.00,408026,408471,445,
408968,0.93,1.00,408521,408968,447,
409464,0.55,0.50,409018,409464,446,
409961,0.40,0.50,409516,409961,445,
410459,0.45,0.50,410012,410459,447,
410955,0.26,0.00,410509,410955,446,
411452,0.14,0.00,411005,411452,447,
411949,0.48,0.50,411502,411949,447,
412445,0.48,0.50,411999,412445,446,
412942,0.71,1.00,412495,412942,447,
413438,0.05,0.00,412992,413438,446,
413935,0.74,1.00,413489,413935,446,
414432,-0.31,0.00,413985,414432,447,
414928,0.33,0.00,414482,414928,446,
415425,0.57,0.50,414979,415425,446,
415922,0.12,0.00,415475,415922,447,
416418,0.83,1.00,415972,416418,446,
416915,0.19,0.00,416468,416915,447,
417412,0.21,0.00,416965,417412,447,
417908,-0.26,0.00,417462,417908,446,
418405,0.45,0.50,417958,418405,447,
418902,0.83,1.00,418455,418902,447,
419398,1.02,1.00,418952,419398,446,
419895,0.98,1.00,419448,419895,447,
420391,0.64,0.50,419945,420391,446,
420888,0.24,0.00,420442,420888,446,
421385,0.62,0.50,420938,421385,447,
421881,0.14,0.00,421435,421881,446,
422378,-0.05,0.00,421932,422378,446,
422875,-0.26,0.00,422428,422875,447,
423371,0.93,1.00,422925,423371,446,
423868,0.81,1.00,423421,423868,447,
424365,0.19,0.00,423918,424365,447,
424861,0.26,0.00,424415,424861,446,
425358,0.40,0.50,424911,425358,447,
425854,0.90,1.00,425408,425854,446,
426351,0.31,0.00,425905,426351,446,
426848,0.48,0.50,426401,426848,447,
427344,0.71,1.00,426898,427344,446,
427841,0.31,0.00,427395,427841,446,
428338,0.38,0.00,427891,428338,447,
428834,0.21,0.00,428388,428834,446,
429331,0.43,0.50,428884,429331,447,
429828,0.57,0.50,429381,429828,447,
430324,0.98,1.00,429878,430324,446,
430821,1.48,1.50,430374,430821,447,
431318,-0.19,0.00,430871,431318,447,
431814,-0.29,0.00,431368,431814,446,
432311,0.71,1.00,431864,432311,447,
432807,0.55,0.50,432361,432807,446,
433304,0.10,0.00,432858,433304,446,
433801,0.98,1.00,433354,433801,447,
434297,0.50,0.50,433851,434297,446,
434794,0.86,1.00,434348,434794,446,
435291,1.05,1.00,434844,435291,447,
435787,-0.05,0.00,435341,435787,446,
436284,1.36,1.00,435837,436284,447,
436781,0.21,0.00,436334,436781,447,
437277,-0.17,0.00,436831,437277,446,
437774,0.52,0.50,437327,437774,447,
438270,0.71,1.00,437825,438270,445,
438767,0.71,1.00,438321,438767,446,
439264,0.60,0.50,438817,439264,447,
439760,-0.40,0.00,439315,439760,445,
440257,0.81,1.00,439812,440257,445,
440754,0.71,1.00,440307,440754,447,
441250,1.02,1.00,440804,441250,446,
441747,0.14,0.00,441300,441747,447,
442244,-0.45,0.00,441798,442244,446,
442740,0.17,0.00,442295,442740,445,
443237,0.31,0.00,442791,443237,446,
443734,0.55,0.50,443288,443734,446,
444230,-0.24,0.00,443785,444230,445,
444727,0.81,1.00,444281,444727,446,
445223,1.00,1.00,444777,445223,446,
445720,0.36,0.00,445274,445720,446,
446217,0.55,0.50,445771,446217,446,
446713,0.31,0.00,446268,446713,445,
447210,-0.14,0.00,446765,447210,445,
447707,-0.33,0.00,447261,447707,446,
448203,0.21,0.00,447758,448203,445,
448700,0.24,0.00,448254,448700,446,
449197,1.00,1.00,448751,449197,446,
449693,1.48,1.50,449247,449693,446,
450190,1.31,1.00,449743,450190,447,
450688,0.31,0.00,450240,450688,448,
451184,0.38,0.00,450738,451184,446,
451681,0.45,0.50,451234,451681,447,
452177,0.76,1.00,451731,452177,446,
452674,0.69,0.50,452227,452674,447,
453171,0.81,1.00,452724,453171,447,
453667,0.79,1.00,453220,453667,447,
454164,0.98,1.00,453716,454164,448,
454661,-0.67,0.00,454213,454661,448,
455157,-0.33,0.00,454711,455157,446,
455654,1.12,1.00,455207,455654,447,
456151,0.29,0.00,455703,456151,448,
456647,1.12,1.00,456201,456647,446,
457144,0.60,0.50,456696,457144,448,
457640,0.40,0.50,457194,457640,446,
458137,0.29,0.00,457691,458137,446,
458634,-0.26,0.00,458187,458634,447,
459130,0.93,1.00,458684,459130,446,
459627,0.19,0.00,459180,459627,447,
460124,0.10,0.00,459677,460124,447,
460620,0.45,0.50,460174,460620,446,
461117,0.67,0.50,460670,461117,447,
461614,0.17,0.00,461167,461614,447,
462110,0.38,0.00,461664,462110,446,
462607,-0.67,0.00,462160,462607,447,
463104,1.02,1.00,462657,463104,447,
463600,0.71,1.00,463154,463600,446,
464097,0.74,1.00,463650,464097,447,
464593,0.93,1.00,464147,464593,446,
465091,1.86,2.00,464644,465091,447,
465588,0.05,0.00,465141,465588,447,
466084,-0.19,0.00,465638,466084,446,
466581,1.24,1.00,466135,466581,446,