991521,	-0.0971,	0.0000,	990873,	991520,	-0.0971,	0.0000,	1,	0,	-61.7977,	7921.0000,	7927.00,	0,	3718,	5.10,	-0.01,	-0.00,	0.99,	43.18,	-0.98,	-1.79,	-0.15,	0.51,	25.42,	
992169,	-4.3529,	0.0000,	991583,	992168,	-0.0971,	0.0000,	0,	0,	-61.7977,	7921.0000,	8190.00,	0,	3718,	5.10,	-0.00,	-0.01,	0.99,	43.15,	-0.74,	-1.82,	-0.49,	0.23,	25.38,	
992818,	0.1133,	0.0000,	992231,	992817,	-1.7632,	0.0000,	0,	0,	-61.7977,	7921.0000,	7914.00,	0,	3718,	5.10,	-0.01,	-0.01,	1.00,	43.22,	-0.80,	-1.79,	-0.38,	0.38,	25.38,	
993466,	1.6505,	0.0000,	992879,	993465,	-1.0286,	0.0000,	0,	0,	-61.7977,	7921.0000,	7819.00,	0,	3718,	5.10,	-0.01,	-0.01,	1.00,	43.20,	-0.69,	-1.85,	-0.32,	0.80,	25.33,	
994114,	1.2622,	0.0000,	993528,	994113,	0.0203,	0.0000,	0,	0,	-61.7977,	7921.0000,	7843.00,	0,	3718,	5.10,	-0.01,	-0.01,	1.00,	43.04,	-0.60,	-1.85,	-0.46,	0.54,	25.33,	
994762,	2.0065,	0.0000,	994177,	994761,	0.5065,	0.0000,	0,	0,	-61.7977,	7921.0000,	7797.00,	0,	3718,	5.10,	-0.01,	-0.01,	1.00,	42.85,	-0.74,	-1.70,	-0.63,	0.59,	25.38,	
995410,	-0.1942,	0.0000,	994825,	995409,	1.0938,	0.0000,	0,	0,	-61.7977,	7921.0000,	7933.00,	0,	3718,	5.10,	-0.01,	-0.01,	1.00,	42.96,	-0.85,	-1.71,	-0.29,	0.65,	25.38,	
996059,	-0.4531,	0.0000,	995473,	996058,	0.5895,	0.0000,	0,	0,	-61.7977,	7921.0000,	7949.00,	0,	3718,	5.10,	-0.01,	-0.01,	1.00,	43.11,	-0.64,	-1.90,	-0.66,	0.29,	25.33,	
996707,	-0.5016,	0.0000,	996121,	996706,	0.1813,	0.0000,	0,	0,	-61.7977,	7921.0000,	7952.00,	0,	3718,	5.10,	-0.01,	0.00,	1.00,	43.53,	-0.56,	-1.38,	0.01,	0.81,	25.33,	
997355,	5.3724,	5.0000,	996769,	997354,	5.3724,	5.0000,	1,	0,	-61.7977,	7921.0000,	7589.00,	0,	3718,	5.10,	0.09,	-0.03,	0.95,	40.40,	64.97,	-22.01,	-1.98,	-5.46,	25.38,	
998003,	5.7607,	6.0000,	997417,	998002,	5.3724,	5.0000,	0,	0,	-61.7977,	7921.0000,	7565.00,	0,	3718,	5.10,	0.08,	-0.04,	0.99,	41.81,	57.02,	1.00,	-2.18,	-4.58,	25.33,	
998651,	11.4891,	11.5000,	998066,	998650,	11.4891,	11.5000,	1,	0,	-61.7977,	7921.0000,	7211.00,	0,	3718,	5.10,	0.06,	0.01,	1.01,	50.87,	-42.79,	2.60,	0.59,	-3.38,	25.38,	
999300,	6.2786,	6.0000,	998715,	999299,	6.2786,	6.0000,	1,	0,	-61.7977,	7921.0000,	7533.00,	0,	3718,	5.10,	0.06,	-0.01,	1.02,	44.39,	40.53,	1.80,	-0.42,	-3.56,	25.42,	
999948,	11.3435,	11.0000,	999362,	999947,	11.3435,	11.0000,	1,	0,	-61.7977,	7921.0000,	7220.00,	0,	3718,	5.10,	0.07,	-0.00,	0.99,	34.86,	-7.02,	-4.48,	-0.16,	-4.21,	25.33,	
1000596,	6.2786,	6.0000,	1000011,	1000595,	6.2786,	6.0000,	1,	0,	-61.7977,	7921.0000,	7533.00,	0,	3718,	5.10,	0.07,	-0.01,	0.97,	44.82,	2.16,	-5.99,	-0.72,	-4.07,	25.38,	
1001244,	6.8126,	7.0000,	1000658,	1001243,	6.2786,	6.0000,	0,	0,	-61.7977,	7921.0000,	7500.00,	0,	3718,	5.10,	0.07,	-0.01,	1.01,	44.53,	-0.61,	-1.63,	-0.40,	-3.98,	25.38,	
1001892,	9.0133,	9.0000,	1001307,	1001891,	6.4876,	6.5000,	0,	0,	-61.7977,	7921.0000,	7364.00,	0,	3718,	5.10,	0.07,	-0.01,	1.00,	41.83,	-1.36,	-0.48,	-0.46,	-4.15,	25.38,	
1002541,	9.8224,	10.0000,	1001955,	1002540,	7.4764,	7.5000,	0,	0,	-61.7977,	7921.0000,	7314.00,	0,	3718,	5.10,	0.07,	-0.01,	1.00,	42.60,	-0.97,	-3.10,	-0.39,	-3.95,	25.28,	
1003190,	7.5246,	7.5000,	1002603,	1003188,	8.3949,	8.0000,	0,	0,	-61.7977,	7921.0000,	7456.00,	0,	3718,	5.10,	0.07,	-0.01,	1.01,	43.17,	-0.55,	-2.36,	-0.74,	-3.89,	25.28,	
1003838,	8.8515,	9.0000,	1003251,	1003836,	8.0541,	8.0000,	0,	0,	-61.7977,	7921.0000,	7374.00,	0,	3718,	5.10,	0.06,	-0.02,	1.02,	43.79,	-0.79,	-1.20,	-0.87,	-3.63,	25.33,	
1004486,	5.8578,	6.0000,	1003899,	1004484,	8.3663,	8.0000,	0,	0,	-61.7977,	7921.0000,	7559.00,	0,	3718,	5.10,	0.07,	-0.00,	1.00,	43.57,	0.79,	-1.70,	-0.01,	-3.99,	25.24,	
1005134,	8.8191,	9.0000,	1004548,	1005132,	7.3842,	7.0000,	0,	0,	-61.7977,	7921.0000,	7376.00,	0,	3718,	5.10,	0.07,	-0.01,	0.99,	42.89,	-1.81,	-2.09,	-0.49,	-4.04,	25.28,	
1005783,	7.5407,	7.5000,	1005196,	1005780,	7.9460,	8.0000,	0,	0,	-61.7977,	7921.0000,	7455.00,	0,	3718,	5.10,	0.07,	-0.01,	1.00,	42.37,	-0.88,	-2.26,	-0.42,	-4.07,	25.33,	
1006431,	6.8773,	7.0000,	1005845,	1006429,	7.7873,	8.0000,	0,	0,	-61.7977,	7921.0000,	7496.00,	0,	3718,	5.10,	0.07,	-0.02,	1.00,	43.40,	0.02,	-1.63,	-1.25,	-4.12,	25.33,	
1007079,	7.6055,	7.5000,	1006493,	1007078,	7.4310,	7.5000,	0,	0,	-61.7977,	7921.0000,	7451.00,	0,	3718,	5.10,	0.07,	-0.01,	1.00,	44.50,	-1.50,	-1.25,	-0.78,	-4.02,	25.33,	
1007727,	8.8676,	9.0000,	1007140,	1007726,	7.4993,	7.5000,	0,	0,	-61.7977,	7921.0000,	7373.00,	0,	3718,	5.10,	0.07,	-0.01,	1.00,	43.76,	1.37,	-1.45,	-0.60,	-3.95,	25.42,	
1008375,	7.8320,	8.0000,	1007789,	1008374,	8.0350,	8.0000,	0,	0,	-61.7977,	7921.0000,	7437.00,	0,	3718,	5.10,	0.08,	-0.00,	0.99,	42.26,	-2.81,	-1.86,	-0.20,	-4.44,	25.33,	
1009024,	6.7155,	7.0000,	1008438,	1009022,	7.9555,	8.0000,	0,	0,	-61.7977,	7921.0000,	7506.00,	0,	3718,	5.07,	0.08,	-0.01,	1.00,	43.58,	0.11,	-1.66,	-0.56,	-4.35,	25.28,	
1009672,	7.6702,	7.5000,	1009086,	1009671,	7.4701,	7.5000,	0,	0,	-61.7977,	7921.0000,	7447.00,	0,	3718,	5.10,	0.07,	-0.01,	0.99,	43.07,	-0.74,	-1.26,	-0.80,	-3.90,	25.24,	
1010320,	9.4502,	9.5000,	1009734,	1010319,	7.5484,	7.5000,	0,	0,	-61.7977,	7921.0000,	7337.00,	0,	3718,	5.10,	0.08,	-0.01,	1.00,	43.49,	-0.65,	-1.63,	-0.58,	-4.28,	25.33,	
1010968,	7.9291,	8.0000,	1010382,	1010967,	8.2930,	8.0000,	0,	0,	-61.7977,	7921.0000,	7431.00,	0,	3718,	5.10,	0.07,	-0.02,	1.00,	42.90,	-0.34,	-1.60,	-0.90,	-3.95,	25.28,	
1011616,	8.0747,	8.0000,	1011031,	1011615,	8.1505,	8.0000,	0,	0,	-61.7977,	7921.0000,	7422.00,	0,	3718,	5.10,	0.07,	-0.01,	1.00,	42.62,	-0.63,	-1.54,	-0.77,	-4.00,	25.33,	
1012264,	5.0002,	5.0000,	1011679,	1012263,	8.1208,	8.0000,	0,	0,	-61.7977,	7921.0000,	7612.00,	0,	3718,	5.10,	0.08,	-0.01,	1.01,	43.10,	-1.09,	-1.22,	-0.40,	-4.39,	25.42,	
1012913,	8.5116,	8.5000,	1012327,	1012912,	6.8991,	7.0000,	0,	0,	-61.7977,	7921.0000,	7395.00,	0,	3718,	5.10,	0.07,	-0.01,	1.01,	45.66,	-0.54,	-0.73,	-0.46,	-4.06,	25.28,	
1013561,	6.8935,	7.0000,	1012975,	1013560,	7.5304,	7.5000,	0,	0,	-61.7977,	7921.0000,	7495.00,	0,	3718,	5.10,	0.08,	-0.00,	1.03,	43.12,	-0.09,	-2.86,	-0.18,	-4.51,	25.33,	
1014209,	9.6767,	9.5000,	1013623,	1014208,	7.2810,	7.0000,	0,	0,	-61.7977,	7921.0000,	7323.00,	0,	3718,	5.10,	0.06,	0.01,	1.00,	41.85,	-5.57,	-3.90,	0.39,	-3.70,	25.33,	
1014857,	4.3205,	0.0000,	1014272,	1014856,	4.3205,	0.0000,	1,	0,	-61.7977,	7921.0000,	7654.00,	0,	3718,	5.10,	0.07,	-0.01,	1.01,	42.18,	-1.62,	-8.93,	-0.40,	-3.85,	25.42,	
1015505,	6.2786,	6.0000,	1014920,	1015504,	4.3205,	0.0000,	0,	0,	-61.7977,	7921.0000,	7533.00,	0,	3718,	5.10,	0.07,	0.01,	1.00,	43.13,	-1.98,	0.60,	0.62,	-3.94,	25.47,	
1016154,	7.7187,	8.0000,	1015568,	1016153,	5.0871,	5.0000,	0,	0,	-61.7977,	7921.0000,	7444.00,	0,	3718,	5.10,	0.06,	0.02,	0.97,	36.15,	-13.52,	11.44,	1.37,	-3.45,	25.33,	
1016802,	10.2107,	10.0000,	1016216,	1016801,	6.1174,	6.0000,	0,	0,	-61.7977,	7921.0000,	7290.00,	0,	3718,	5.10,	0.09,	0.01,	0.99,	30.15,	-92.98,	-1.90,	0.62,	-5.29,	25.28,	
1017450,	5.0649,	5.0000,	1016864,	1017449,	5.0649,	5.0000,	1,	0,	-61.7977,	7921.0000,	7608.00,	0,	3718,	5.10,	0.03,	0.00,	0.96,	42.48,	-15.72,	14.37,	0.06,	-1.58,	25.33,	
1018098,	9.8709,	10.0000,	1017512,	1018097,	5.0649,	5.0000,	0,	0,	-61.7977,	7921.0000,	7311.00,	0,	3718,	5.10,	0.05,	0.01,	1.04,	34.18,	12.80,	10.37,	0.53,	-2.56,	25.33,	
1018746,	6.0520,	6.0000,	1018161,	1018745,	6.9465,	7.0000,	0,	0,	-61.7977,	7921.0000,	7547.00,	0,	3718,	5.10,	0.04,	-0.01,	0.99,	44.12,	-5.61,	1.97,	-0.73,	-2.20,	25.33,	
1019395,	10.6476,	10.5000,	1018809,	1019394,	6.5963,	6.5000,	0,	0,	-61.7977,	7921.0000,	7263.00,	0,	3718,	5.10,	0.03,	0.01,	1.00,	46.15,	0.55,	-3.61,	0.56,	-1.72,	25.38,	
1020043,	167.7732,	168.0000,	1019457,	1020042,	167.7732,	168.0000,	1,	0,	-61.7977,	7921.0000,	-2447.00,	0,	3718,	5.10,	0.02,	0.02,	0.99,	39.11,	11.56,	-4.05,	0.98,	-0.98,	25.24,	
1020691,	218.1311,	218.0000,	1020114,	1020690,	218.1311,	218.0000,	1,	0,	-61.7977,	7921.0000,	-5559.00,	0,	3718,	5.10,	0.05,	0.01,	0.99,	47.09,	43.92,	7.66,	0.41,	-3.01,	25.38,	
1021339,	18.9975,	19.0000,	1020763,	1021338,	18.9975,	19.0000,	1,	0,	-61.7977,	7921.0000,	6747.00,	0,	3718,	5.10,	0.05,	0.01,	0.95,	34.73,	40.02,	-15.90,	0.34,	-3.04,	25.38,	
1021988,	56.4260,	56.5000,	1021406,	1021986,	56.4260,	56.5000,	1,	0,	-61.7977,	7921.0000,	4434.00,	0,	3718,	5.10,	0.05,	-0.02,	1.07,	42.63,	-13.30,	2.22,	-0.98,	-2.57,	25.42,	
1022637,	54.7917,	55.0000,	1022056,	1022635,	56.4260,	56.5000,	0,	0,	-61.7977,	7921.0000,	4535.00,	0,	3718,	5.10,	0.06,	-0.02,	1.04,	43.84,	6.44,	-2.24,	-1.20,	-3.38,	25.38,	
1023285,	43.2217,	43.0000,	1022704,	1023283,	43.2217,	43.0000,	1,	0,	-61.7977,	7921.0000,	5250.00,	0,	3718,	5.10,	0.05,	-0.02,	1.05,	42.93,	-10.89,	-1.22,	-1.04,	-3.00,	25.38,	
1023933,	69.0479,	69.0000,	1023352,	1023931,	69.0479,	69.0000,	1,	0,	-61.7977,	7921.0000,	3654.00,	0,	3718,	5.10,	0.04,	-0.00,	0.97,	44.05,	6.14,	-1.50,	-0.03,	-2.11,	25.38,	
1024581,	147.0119,	147.0000,	1024001,	1024579,	147.0119,	147.0000,	1,	0,	-61.7977,	7921.0000,	-1164.00,	0,	3718,	5.10,	0.03,	-0.03,	1.00,	42.83,	-1.86,	-0.36,	-1.52,	-1.68,	25.33,	
1025229,	232.1446,	232.0000,	1024652,	1025228,	232.1446,	232.0000,	1,	0,	-61.7977,	7921.0000,	-6425.00,	0,	3718,	5.10,	0.03,	-0.02,	1.01,	39.41,	-2.98,	-3.06,	-1.22,	-1.62,	25.42,	
1025878,	246.1580,	246.0000,	1025302,	1025876,	246.1580,	246.0000,	1,	0,	-61.7977,	7921.0000,	-7291.00,	0,	3718,	5.10,	0.02,	-0.02,	1.00,	42.72,	-1.18,	-1.18,	-0.96,	-1.42,	25.28,	
1026526,	236.7402,	237.0000,	1025950,	1026525,	236.7402,	237.0000,	1,	0,	-61.7977,	7921.0000,	-6709.00,	0,	3718,	5.10,	0.02,	-0.02,	0.99,	43.45,	-2.66,	-2.19,	-1.22,	-1.18,	25.28,	
1027174,	318.9116,	319.0000,	1026598,	1027173,	318.9116,	319.0000,	1,	0,	-61.7977,	7921.0000,	-11787.00,	0,	3718,	5.10,	0.03,	-0.01,	1.00,	41.53,	2.63,	-2.84,	-0.61,	-1.49,	25.28,	
1027822,	427.7506,	428.0000,	1027245,	1027821,	427.7506,	428.0000,	1,	0,	-61.7977,	7921.0000,	-18513.00,	0,	3718,	5.10,	0.01,	-0.03,	0.98,	46.67,	5.68,	-5.53,	-1.79,	-0.87,	25.28,	
1028470,	580.7498,	581.0000,	1027895,	1028469,	580.7498,	581.0000,	1,	0,	-61.7977,	7921.0000,	-27968.00,	0,	3718,	5.07,	0.00,	-0.03,	1.01,	41.03,	-4.11,	-0.26,	-1.73,	-0.06,	25.33,	
1029118,	549.9881,	550.0000,	1028541,	1029117,	549.9881,	550.0000,	1,	0,	-61.7977,	7921.0000,	-26067.00,	0,	3718,	5.10,	-0.00,	-0.03,	0.99,	42.07,	-1.55,	-1.17,	-1.53,	0.01,	25.38,	
1029767,	476.0533,	476.0000,	1029191,	1029766,	476.0533,	476.0000,	1,	0,	-61.7977,	7921.0000,	-21498.00,	0,	3718,	5.10,	0.01,	-0.02,	0.99,	41.92,	-3.69,	-4.36,	-0.90,	-0.85,	25.33,	
1030415,	420.7115,	421.0000,	1029839,	1030414,	420.7115,	421.0000,	1,	0,	-61.7977,	7921.0000,	-18078.00,	0,	3718,	5.10,	0.02,	-0.01,	0.98,	45.31,	-17.50,	14.35,	-0.46,	-0.98,	25.24,	
1031063,	90.8772,	91.0000,	1030486,	1031062,	90.8772,	91.0000,	1,	0,	-61.7977,	7921.0000,	2305.00,	0,	3718,	5.10,	0.06,	-0.01,	0.91,	27.78,	-31.31,	3.43,	-0.41,	-3.86,	25.24,	
1031711,	6.1329,	6.0000,	1031129,	1031710,	6.1329,	6.0000,	1,	0,	-61.7977,	7921.0000,	7542.00,	0,	3718,	5.10,	0.09,	-0.03,	1.00,	22.59,	-34.24,	-0.79,	-1.93,	-5.09,	25.38,	
1032359,	8.8191,	9.0000,	1031774,	1032358,	6.1329,	6.0000,	0,	0,	-61.7977,	7921.0000,	7376.00,	0,	3718,	5.10,	0.05,	-0.02,	1.00,	41.97,	2.75,	-26.26,	-1.14,	-2.72,	25.19,	
1033008,	3.8189,	0.0000,	1032422,	1033007,	3.8189,	0.0000,	1,	0,	-61.7977,	7921.0000,	7685.00,	0,	3718,	5.07,	-0.01,	-0.01,	1.00,	43.15,	-0.60,	-1.76,	-0.67,	0.32,	25.38,	
1033656,	5.5827,	5.5000,	1033070,	1033655,	3.8189,	0.0000,	0,	0,	-61.7977,	7921.0000,	7576.00,	0,	3718,	5.10,	-0.00,	-0.01,	1.00,	43.15,	-0.76,	-1.87,	-0.43,	0.15,	25.42,	
1034304,	6.6669,	6.5000,	1033718,	1034303,	4.5094,	0.0000,	0,	0,	-61.7977,	7921.0000,	7509.00,	0,	3718,	5.10,	-0.01,	-0.01,	1.00,	43.05,	-0.76,	-1.69,	-0.74,	0.31,	25.33,	
1034952,	9.7900,	10.0000,	1034366,	1034951,	5.3541,	5.0000,	0,	0,	-61.7977,	7921.0000,	7316.00,	0,	3718,	5.10,	-0.01,	-0.01,	1.00,	43.23,	-0.59,	-1.72,	-0.70,	0.49,	25.42,	
1035600,	10.0004,	10.0000,	1035015,	1035599,	7.0908,	7.0000,	0,	0,	-61.7977,	7921.0000,	7303.00,	0,	3718,	5.07,	-0.01,	-0.01,	0.99,	43.27,	-0.53,	-1.82,	-0.70,	0.45,	25.28,	
1036249,	3.8675,	0.0000,	1035663,	1036248,	3.8675,	0.0000,	1,	0,	-61.7977,	7921.0000,	7682.00,	0,	3718,	5.10,	-0.01,	0.00,	1.00,	43.23,	-0.90,	-1.77,	0.24,	0.45,	25.33,	
1036897,	2.9775,	0.0000,	1036311,	1036896,	3.8675,	0.0000,	0,	0,	-61.7977,	7921.0000,	7737.00,	0,	3718,	5.10,	-0.00,	-0.01,	1.00,	43.11,	-0.63,	-1.81,	-0.60,	0.24,	25.28,	
1037545,	4.8869,	0.0000,	1036959,	1037544,	3.5190,	0.0000,	0,	0,	-61.7977,	7921.0000,	7619.00,	0,	3718,	5.10,	-0.01,	-0.01,	1.00,	43.10,	-0.62,	-1.79,	-0.53,	0.29,	25.28,	
1038193,	4.7898,	0.0000,	1037607,	1038192,	4.0546,	0.0000,	0,	0,	-61.7977,	7921.0000,	7625.00,	0,	3718,	5.10,	-0.01,	-0.01,	1.00,	43.31,	-0.64,	-1.59,	-0.34,	0.52,	25.42,	
1038841,	4.9355,	0.0000,	1038256,	1038840,	4.3424,	0.0000,	0,	0,	-61.7977,	7921.0000,	7616.00,	0,	3718,	5.10,	-0.01,	-0.01,	1.00,	43.18,	-0.69,	-1.85,	-0.81,	0.48,	25.38,	
1039490,	0.9871,	0.0000,	1038904,	1039489,	4.5746,	0.0000,	0,	0,	-61.7977,	7921.0000,	7860.00,	0,	3718,	5.10,	-0.01,	-0.00,	1.00,	43.18,	-0.76,	-1.69,	-0.28,	0.67,	25.33,	
1040138,	3.8998,	0.0000,	1039552,	1040137,	3.1701,	0.0000,	0,	0,	-61.7977,	7921.0000,	7680.00,	0,	3718,	5.10,	-0.00,	-0.02,	1.00,	43.23,	-0.77,	-1.94,	-1.39,	0.28,	25.38,	
1040786,	3.6895,	0.0000,	1040200,	1040785,	3.4558,	0.0000,	0,	0,	-61.7977,	7921.0000,	7693.00,	0,	3718,	5.10,	-0.01,	-0.01,	1.01,	43.11,	-0.79,	-1.78,	-0.54,	0.43,	25.33,	
1041434,	2.5567,	0.0000,	1040848,	1041433,	3.5473,	0.0000,	0,	0,	-61.7977,	7921.0000,	7763.00,	0,	3718,	5.10,	-0.01,	-0.02,	1.00,	43.31,	-0.63,	-1.66,	-1.19,	0.76,	25.42,	
1042083,	8.0262,	8.0000,	1041497,	1042081,	8.0262,	8.0000,	1,	0,	-61.7977,	7921.0000,	7425.00,	0,	3718,	5.10,	-0.01,	-0.01,	1.00,	43.12,	-0.52,	-1.79,	-0.52,	0.59,	25.19,	
1042732,	4.6280,	0.0000,	1042145,	1042729,	8.0262,	8.0000,	0,	0,	-61.7977,	7921.0000,	7635.00,	0,	3718,	5.10,	-0.01,	-0.01,	1.00,	43.23,	-0.73,	-1.69,	-0.42,	0.69,	25.42,	
1043380,	1.5696,	0.0000,	1042793,	1043378,	6.6958,	6.5000,	0,	0,	-61.7977,	7921.0000,	7824.00,	0,	3718,	5.10,	-0.01,	-0.01,	1.00,	43.24,	-0.56,	-1.89,	-0.80,	0.50,	25.33,	
1044028,	5.5018,	5.5000,	1043441,	1044026,	4.6889,	0.0000,	0,	0,	-61.7977,	7921.0000,	7581.00,	0,	3718,	5.10,	-0.01,	-0.01,	0.99,	43.05,	-0.76,	-1.83,	-0.44,	0.55,	25.24,	
1044676,	1.3431,	0.0000,	1044089,	1044674,	5.0072,	5.0000,	0,	0,	-61.7977,	7921.0000,	7838.00,	0,	3718,	5.10,	-0.01,	-0.01,	1.00,	43.15,	-0.51,	-1.79,	-0.45,	0.45,	25.38,	
1045324,	2.6700,	0.0000,	1044738,	1045322,	3.5727,	0.0000,	0,	0,	-61.7977,	7921.0000,	7756.00,	0,	3718,	5.10,	-0.01,	-0.00,	1.00,	43.14,	-0.73,	-1.76,	-0.11,	0.52,	25.28,	
1045972,	4.6280,	0.0000,	1045386,	1045971,	3.2193,	0.0000,	0,	0,	-61.7977,	7921.0000,	7635.00,	0,	3718,	5.10,	-0.01,	-0.01,	1.00,	43.14,	-0.65,	-1.60,	-0.56,	0.35,	25.38,	
1046621,	1.1489,	0.0000,	1046035,	1046620,	3.7708,	0.0000,	0,	0,	-61.7977,	7921.0000,	7850.00,	0,	3718,	5.10,	-0.01,	-0.01,	1.00,	43.15,	-0.48,	-1.69,	-0.65,	0.45,	25.38,	
1047269,	6.5698,	6.5000,	1046683,	1047268,	6.5698,	6.5000,	1,	0,	-61.7977,	7921.0000,	7515.00,	0,	3718,	5.10,	-0.01,	-0.01,	1.00,	43.21,	-0.39,	-1.92,	-0.50,	0.70,	25.24,	
1047917,	3.9160,	0.0000,	1047331,	1047916,	6.5698,	6.5000,	0,	0,	-61.7977,	7921.0000,	7679.00,	0,	3718,	5.10,	-0.01,	-0.01,	1.00,	42.97,	-0.70,	-2.02,	-0.74,	0.39,	25.33,	
1048565,	3.2040,	0.0000,	1047980,	1048564,	5.5309,	5.5000,	0,	0,	-61.7977,	7921.0000,	7723.00,	0,	3718,	5.10,	-0.01,	-0.00,	1.00,	42.98,	-0.71,	-1.83,	-0.25,	0.60,	25.28,	
1049213,	4.3367,	0.0000,	1048628,	1049212,	4.6199,	0.0000,	0,	0,	-61.7977,	7921.0000,	7653.00,	0,	3718,	5.10,	-0.02,	-0.01,	1.00,	43.14,	-0.82,	-1.76,	-0.55,	1.09,	25.28,	
1049862,	5.5827,	5.5000,	1049276,	1049861,	4.5090,	0.0000,	0,	0,	-61.7977,	7921.0000,	7576.00,	0,	3718,	5.10,	-0.01,	-0.01,	1.00,	43.18,	-0.56,	-1.80,	-0.49,	0.43,	25.33,	
1050510,	4.6118,	0.0000,	1049924,	1050509,	4.9294,	0.0000,	0,	0,	-61.7977,	7921.0000,	7636.00,	0,	3718,	5.10,	-0.01,	-0.01,	1.00,	43.34,	-0.38,	-1.63,	-0.69,	0.38,	25.24,	
1051158,	6.3109,	6.0000,	1050572,	1051157,	4.8051,	0.0000,	0,	0,	-61.7977,	7921.0000,	7531.00,	0,	3718,	5.10,	-0.01,	-0.01,	1.00,	43.56,	-0.70,	-1.57,	-0.46,	0.34,	25.38,	
1051806,	1.7153,	0.0000,	1051220,	1051805,	5.3946,	5.0000,	0,	0,	-61.7977,	7921.0000,	7815.00,	0,	3718,	5.10,	-0.01,	-0.00,	1.00,	43.31,	-0.73,	-1.76,	-0.18,	0.69,	25.28,	
1052454,	5.3724,	5.0000,	1051869,	1052453,	3.9541,	0.0000,	0,	0,	-61.7977,	7921.0000,	7589.00,	0,	3718,	5.10,	-0.01,	-0.01,	1.00,	43.35,	-0.65,	-1.85,	-0.39,	0.45,	25.24,	
1053103,	6.1006,	6.0000,	1052517,	1053102,	4.5094,	0.0000,	0,	0,	-61.7977,	7921.0000,	7544.00,	0,	3718,	5.10,	-0.01,	-0.01,	1.00,	43.27,	-0.92,	-1.71,	-0.77,	0.39,	25.24,	
1053751,	3.9645,	0.0000,	1053165,	1053750,	5.1323,	5.0000,	0,	0,	-61.7977,	7921.0000,	7676.00,	0,	3718,	5.10,	-0.01,	-0.01,	1.00,	43.21,	-0.65,	-1.77,	-0.66,	0.64,	25.33,	
1054399,	6.8287,	7.0000,	1053813,	1054398,	4.6751,	0.0000,	0,	0,	-61.7977,	7921.0000,	7499.00,	0,	3718,	5.10,	-0.00,	-0.01,	1.00,	43.13,	-0.47,	-1.81,	-0.41,	0.25,	25.28,	
1055047,	5.7446,	6.0000,	1054461,	1055046,	5.5183,	5.5000,	0,	0,	-61.7977,	7921.0000,	7566.00,	0,	3718,	5.10,	-0.01,	-0.02,	1.00,	43.11,	-0.77,	-1.83,	-0.94,	0.41,	25.33,	
1055695,	3.7380,	0.0000,	1055110,	1055694,	5.6069,	5.5000,	0,	0,	-61.7977,	7921.0000,	7690.00,	0,	3718,	5.10,	-0.01,	-0.00,	1.00,	43.31,	-0.92,	-1.88,	-0.27,	0.46,	25.33,	
1056344,	3.8836,	0.0000,	1055758,	1056343,	4.8752,	0.0000,	0,	0,	-61.7977,	7921.0000,	7681.00,	0,	3718,	5.10,	-0.01,	-0.02,	0.99,	43.17,	-0.60,	-1.71,	-0.89,	0.45,	25.28,	
1056992,	4.2396,	0.0000,	1056406,	1056991,	4.4870,	0.0000,	0,	0,	-61.7977,	7921.0000,	7659.00,	0,	3718,	5.10,	-0.01,	-0.01,	1.00,	43.28,	-0.66,	-1.78,	-0.39,	0.39,	25.33,	
1057640,	4.9031,	0.0000,	1057054,	1057639,	4.3902,	0.0000,	0,	0,	-61.7977,	7921.0000,	7618.00,	0,	3718,	5.10,	-0.01,	-0.01,	1.00,	43.31,	-0.64,	-1.82,	-0.38,	0.43,	25.28,	
1058288,	2.8642,	0.0000,	1057702,	1058287,	4.5910,	0.0000,	0,	0,	-61.7977,	7921.0000,	7744.00,	0,	3718,	5.10,	-0.01,	-0.01,	1.00,	43.24,	-0.87,	-1.68,	-0.67,	0.56,	25.38,	
1058936,	6.7478,	7.0000,	1058351,	1058935,	3.9149,	0.0000,	0,	0,	-61.7977,	7921.0000,	7504.00,	0,	3718,	5.10,	-0.00,	-0.01,	1.00,	43.21,	-1.00,	-1.77,	-0.84,	0.28,	25.38,	
1059585,	4.7251,	0.0000,	1058999,	1059584,	5.0240,	5.0000,	0,	0,	-61.7977,	7921.0000,	7629.00,	0,	3718,	5.10,	-0.01,	-0.01,	1.00,	43.24,	-0.76,	-1.91,	-0.42,	0.53,	25.33,	
1060233,	6.6669,	6.5000,	1059647,	1060232,	4.9070,	0.0000,	0,	0,	-61.7977,	7921.0000,	7509.00,	0,	3718,	5.10,	-0.01,	-0.01,	0.99,	43.32,	-0.68,	-1.71,	-0.59,	0.52,	25.33,	
1060881,	4.4176,	0.0000,	1060295,	1060880,	5.5960,	5.5000,	0,	0,	-61.7977,	7921.0000,	7648.00,	0,	3718,	5.10,	-0.01,	-0.01,	0.99,	43.18,	-0.66,	-1.95,	-0.39,	0.41,	25.28,	
1061529,	3.7380,	0.0000,	1060943,	1061528,	5.1347,	5.0000,	0,	0,	-61.7977,	7921.0000,	7690.00,	0,	3718,	5.10,	-0.01,	-0.00,	1.00,	43.47,	-0.60,	-1.82,	-0.08,	0.52,	25.24,	
1062178,	5.7607,	6.0000,	1061592,	1062176,	4.5879,	0.0000,	0,	0,	-61.7977,	7921.0000,	7565.00,	0,	3718,	5.10,	-0.01,	-0.02,	1.00,	43.15,	-0.58,	-1.76,	-1.11,	0.52,	25.28,	
1062825,	7.5407,	7.5000,	1062240,	1062824,	5.0470,	5.0000,	0,	0,	-61.7977,	7921.0000,	7455.00,	0,	3718,	5.10,	-0.01,	-0.03,	1.00,	43.08,	-0.58,	-1.79,	-1.54,	0.45,	25.42,	
1063474,	7.1362,	7.0000,	1062888,	1063473,	6.0233,	6.0000,	0,	0,	-61.7977,	7921.0000,	7480.00,	0,	3718,	5.10,	-0.01,	-0.01,	1.00,	43.05,	-0.76,	-1.79,	-0.63,	0.56,	25.28,	
1064122,	7.2009,	7.0000,	1063536,	1064121,	6.4590,	6.5000,	0,	0,	-61.7977,	7921.0000,	7476.00,	0,	3718,	5.10,	-0.00,	-0.00,	1.00,	42.98,	-0.48,	-1.72,	-0.17,	0.20,	25.28,	
1064770,	3.8189,	0.0000,	1064184,	1064769,	6.7495,	7.0000,	0,	0,	-61.7977,	7921.0000,	7685.00,	0,	3718,	5.10,	-0.01,	-0.02,	1.00,	43.29,	-0.41,	-1.76,	-1.15,	0.31,	25.28,	
1065418,	4.4824,	0.0000,	1064833,	1065417,	5.6022,	5.5000,	0,	0,	-61.7977,	7921.0000,	7644.00,	0,	3718,	5.10,	-0.01,	-0.01,	1.00,	43.15,	-0.56,	-1.82,	-0.76,	0.35,	25.33,	
1066066,	2.9936,	0.0000,	1065481,	1066065,	5.1638,	5.0000,	0,	0,	-61.7977,	7921.0000,	7736.00,	0,	3718,	5.10,	-0.01,	-0.00,	0.99,	43.11,	-0.78,	-1.73,	-0.28,	0.30,	25.28,	
1066715,	2.6700,	0.0000,	1066129,	1066714,	4.3142,	0.0000,	0,	0,	-61.7977,	7921.0000,	7756.00,	0,	3718,	5.10,	-0.01,	-0.01,	1.00,	43.21,	-0.45,	-1.61,	-0.59,	0.43,	25.42,	
1067363,	4.3044,	0.0000,	1066777,	1067362,	3.6705,	0.0000,	0,	0,	-61.7977,	7921.0000,	7655.00,	0,	3718,	5.10,	-0.01,	-0.01,	1.00,	43.11,	-0.74,	-1.88,	-0.81,	0.39,	25.28,	
1068011,	3.3011,	0.0000,	1067425,	1068010,	3.9186,	0.0000,	0,	0,	-61.7977,	7921.0000,	7717.00,	0,	3718,	5.10,	-0.01,	-0.01,	1.00,	43.18,	-0.63,	-1.67,	-0.57,	0.60,	25.24,	
1068659,	4.1749,	0.0000,	1068073,	1068658,	3.6769,	0.0000,	0,	0,	-61.7977,	7921.0000,	7663.00,	0,	3718,	5.10,	-0.01,	-0.02,	1.00,	43.28,	-0.54,	-1.87,	-0.91,	0.32,	25.38,	
1069307,	3.7380,	0.0000,	1068722,	1069306,	3.8719,	0.0000,	0,	0,	-61.7977,	7921.0000,	7690.00,	0,	3718,	5.10,	-0.01,	-0.01,	1.00,	43.25,	-0.55,	-1.79,	-0.69,	0.36,	25.28,	
1069956,	5.9387,	6.0000,	1069370,	1069955,	3.8195,	0.0000,	0,	0,	-61.7977,	7921.0000,	7554.00,	0,	3718,	5.10,	-0.01,	-0.01,	1.01,	43.15,	-0.68,	-1.79,	-0.29,	0.31,	25.24,	
1070604,	4.3691,	0.0000,	1070018,	1070603,	4.6492,	0.0000,	0,	0,	-61.7977,	7921.0000,	7651.00,	0,	3718,	5.10,	-0.01,	-0.01,	1.00,	43.21,	-0.72,	-1.77,	-0.61,	0.73,	25.38,	
1071252,	6.7478,	7.0000,	1070666,	1071251,	4.5395,	0.0000,	0,	0,	-61.7977,	7921.0000,	7504.00,	0,	3718,	5.10,	-0.01,	-0.01,	1.00,	42.98,	-0.80,	-1.77,	-0.35,	0.58,	25.33,	
1071900,	7.0391,	7.0000,	1071314,	1071899,	5.4041,	5.5000,	0,	0,	-61.7977,	7921.0000,	7486.00,	0,	3718,	5.10,	-0.00,	-0.01,	1.00,	43.37,	-0.57,	-1.81,	-0.42,	0.21,	25.38,	
1072548,	5.2105,	5.0000,	1071963,	1072547,	6.0442,	6.0000,	0,	0,	-61.7977,	7921.0000,	7599.00,	0,	3718,	5.10,	-0.01,	-0.01,	1.00,	43.24,	-0.76,	-1.69,	-0.63,	0.52,	25.28,	
1073197,	3.7542,	0.0000,	1072611,	1073196,	5.7178,	6.0000,	0,	0,	-61.7977,	7921.0000,	7689.00,	0,	3718,	5.10,	-0.01,	-0.00,	0.99,	42.92,	-0.65,	-1.81,	-0.25,	0.37,	25.24,	
1073845,	4.0131,	0.0000,	1073259,	1073844,	4.9491,	0.0000,	0,	0,	-61.7977,	7921.0000,	7673.00,	0,	3718,	5.07,	-0.01,	-0.01,	0.99,	43.24,	-0.63,	-1.92,	-0.73,	0.84,	25.38,	
1074493,	8.5116,	8.5000,	1073907,	1074492,	4.5826,	0.0000,	0,	0,	-61.7977,	7921.0000,	7395.00,	0,	3718,	5.10,	-0.01,	-0.00,	1.00,	43.28,	-0.70,	-1.83,	-0.27,	0.39,	25.28,	
1075141,	1.7800,	0.0000,	1074555,	1075140,	1.7800,	0.0000,	1,	0,	-61.7977,	7921.0000,	7811.00,	0,	3718,	5.10,	-0.00,	-0.01,	1.00,	43.34,	-0.73,	-1.89,	-0.52,	0.25,	25.24,	
1075789,	3.3173,	0.0000,	1075204,	1075788,	1.7800,	0.0000,	0,	0,	-61.7977,	7921.0000,	7716.00,	0,	3718,	5.10,	-0.00,	-0.01,	1.00,	43.18,	-0.60,	-1.64,	-0.58,	0.13,	25.33,	
1076438,	5.5989,	5.5000,	1075852,	1076436,	2.3818,	0.0000,	0,	0,	-61.7977,	7921.0000,	7575.00,	0,	3718,	5.10,	-0.01,	-0.01,	1.00,	43.05,	-0.44,	-1.71,	-0.52,	0.43,	25.38,	
1077086,	2.6862,	0.0000,	1076500,	1077085,	3.6413,	0.0000,	0,	0,	-61.7977,	7921.0000,	7755.00,	0,	3718,	5.10,	-0.01,	-0.01,	1.00,	43.15,	-0.82,	-1.79,	-0.71,	0.42,	25.33,	
1077734,	7.6702,	7.5000,	1077148,	1077733,	3.2674,	0.0000,	0,	0,	-61.7977,	7921.0000,	7447.00,	0,	3718,	5.10,	-0.01,	-0.00,	1.00,	43.27,	-0.64,	-1.64,	-0.25,	0.42,	25.28,	
1078382,	6.1653,	6.0000,	1077796,	1078381,	4.9911,	0.0000,	0,	0,	-61.7977,	7921.0000,	7540.00,	0,	3718,	5.10,	-0.01,	-0.02,	1.00,	43.21,	-0.69,	-1.81,	-0.88,	0.69,	25.33,	
1079030,	4.5471,	0.0000,	1078445,	1079029,	5.4508,	5.5000,	0,	0,	-61.7977,	7921.0000,	7640.00,	0,	3718,	5.10,	-0.01,	-0.01,	1.00,	43.45,	-0.58,	-1.76,	-0.76,	0.41,	25.33,	
1079678,	4.3044,	0.0000,	1079093,	1079677,	5.0970,	5.0000,	0,	0,	-61.7977,	7921.0000,	7655.00,	0,	3718,	5.10,	-0.01,	-0.02,	0.99,	43.06,	-0.48,	-1.76,	-0.96,	0.45,	25.24,	
1080327,	4.8060,	0.0000,	1079741,	1080326,	4.7867,	0.0000,	0,	0,	-61.7977,	7921.0000,	7624.00,	0,	3718,	5.07,	-0.01,	-0.01,	1.00,	42.99,	-0.64,	-1.80,	-0.49,	0.50,	25.33,	
1080975,	6.6669,	6.5000,	1080389,	1080974,	4.7942,	0.0000,	0,	0,	-61.7977,	7921.0000,	7509.00,	0,	3718,	5.10,	-0.01,	-0.01,	1.00,	42.99,	-0.63,	-1.68,	-0.42,	0.31,	25.33,	
1081623,	7.7511,	8.0000,	1081037,	1081622,	5.5274,	5.5000,	0,	0,	-61.7977,	7921.0000,	7442.00,	0,	3718,	5.10,	-0.01,	-0.01,	1.00,	43.21,	-0.67,	-1.75,	-0.85,	0.54,	25.24,	
1082271,	5.7122,	6.0000,	1081686,	1082269,	6.3980,	6.0000,	0,	0,	-61.7977,	7921.0000,	7568.00,	0,	3718,	5.10,	-0.00,	-0.01,	1.00,	43.14,	-0.73,	-1.73,	-0.75,	0.27,	25.24,	
1082919,	4.6118,	0.0000,	1082334,	1082917,	6.1295,	6.0000,	0,	0,	-61.7977,	7921.0000,	7636.00,	0,	3718,	5.10,	-0.00,	-0.01,	1.00,	43.34,	-0.96,	-1.81,	-0.38,	0.10,	25.28,	
1083568,	5.1620,	5.0000,	1082982,	1083566,	5.5353,	5.5000,	0,	0,	-61.7977,	7921.0000,	7602.00,	0,	3718,	5.07,	-0.01,	-0.01,	1.00,	43.33,	-0.79,	-1.77,	-0.65,	0.44,	25.28,	
1084216,	2.9451,	0.0000,	1083629,	1084214,	5.3892,	5.0000,	0,	0,	-61.7977,	7921.0000,	7739.00,	0,	3718,	5.10,	-0.01,	-0.01,	1.00,	43.21,	-0.60,	-1.71,	-0.34,	0.74,	25.28,	
1084864,	5.3238,	5.0000,	1084277,	1084862,	4.4323,	0.0000,	0,	0,	-61.7977,	7921.0000,	7592.00,	0,	3718,	5.10,	-0.00,	-0.01,	1.00,	43.35,	-0.58,	-1.80,	-0.56,	0.24,	25.28,	
1085512,	4.8060,	0.0000,	1084925,	1085510,	4.7813,	0.0000,	0,	0,	-61.7977,	7921.0000,	7624.00,	0,	3718,	5.10,	-0.01,	-0.01,	1.00,	43.22,	-0.62,	-1.80,	-0.32,	0.34,	25.33,	
1086160,	2.8642,	0.0000,	1085574,	1086158,	4.7910,	0.0000,	0,	0,	-61.7977,	7921.0000,	7744.00,	0,	3718,	5.10,	-0.00,	-0.01,	1.00,	43.11,	-0.65,	-1.82,	-0.60,	0.22,	25.33,	
1086809,	2.7509,	0.0000,	1086222,	1086807,	4.0366,	0.0000,	0,	0,	-61.7977,	7921.0000,	7751.00,	0,	3718,	5.07,	-0.01,	-0.01,	1.00,	43.09,	-0.85,	-1.92,	-0.85,	0.29,	25.28,	
1087456,	3.3658,	0.0000,	1086870,	1087455,	3.5333,	0.0000,	0,	0,	-61.7977,	7921.0000,	7713.00,	0,	3718,	5.10,	-0.01,	-0.01,	1.00,	43.49,	-0.48,	-1.63,	-0.67,	0.73,	25.28,	
1088104,	5.6475,	5.5000,	1087518,	1088103,	3.4677,	0.0000,	0,	0,	-61.7977,	7921.0000,	7572.00,	0,	3718,	5.07,	-0.01,	-0.01,	1.00,	43.35,	-0.53,	-1.79,	-0.81,	0.42,	25.19,	
1088752,	5.2267,	5.0000,	1088166,	1088751,	4.3211,	0.0000,	0,	0,	-61.7977,	7921.0000,	7598.00,	0,	3718,	5.10,	-0.00,	-0.01,	1.00,	43.19,	-0.57,	-1.67,	-0.60,	0.24,	25.24,	
1089400,	6.0035,	6.0000,	1088815,	1089399,	4.6756,	0.0000,	0,	0,	-61.7977,	7921.0000,	7550.00,	0,	3718,	5.10,	-0.01,	-0.02,	1.00,	43.11,	-0.45,	-1.90,	-0.99,	0.60,	25.38,	
1090049,	7.3789,	7.0000,	1089463,	1090048,	5.1955,	5.0000,	0,	0,	-61.7977,	7921.0000,	7465.00,	0,	3718,	5.10,	-0.01,	-0.02,	0.99,	43.12,	-0.47,	-1.69,	-0.91,	0.46,	25.33,	
1090697,	3.8027,	0.0000,	1090111,	1090696,	6.0503,	6.0000,	0,	0,	-61.7977,	7921.0000,	7686.00,	0,	3718,	5.10,	-0.01,	-0.01,	0.99,	43.23,	-0.73,	-1.66,	-0.44,	0.80,	25.28,	
1091345,	6.1815,	6.0000,	1090759,	1091344,	5.1704,	5.0000,	0,	0,	-61.7977,	7921.0000,	7539.00,	0,	3718,	5.10,	-0.01,	-0.01,	1.00,	43.31,	-0.91,	-1.85,	-0.72,	0.66,	25.28,	
1091993,	4.0455,	0.0000,	1091407,	1091992,	5.5662,	5.5000,	0,	0,	-61.7977,	7921.0000,	7671.00,	0,	3718,	5.10,	-0.01,	-0.02,	1.00,	43.22,	-0.79,	-1.79,	-1.12,	0.63,	25.33,	
1092641,	6.2138,	6.0000,	1092056,	1092640,	4.9708,	0.0000,	0,	0,	-61.7977,	7921.0000,	7537.00,	0,	3718,	5.10,	-0.01,	-0.01,	1.00,	43.27,	-0.77,	-1.72,	-0.76,	0.49,	25.28,	
1093289,	6.3595,	6.0000,	1092704,	1093288,	5.4575,	5.5000,	0,	0,	-61.7977,	7921.0000,	7528.00,	0,	3718,	5.10,	-0.01,	-0.01,	1.00,	43.33,	-0.52,	-1.66,	-0.86,	0.41,	25.28,	
1093938,	2.0875,	0.0000,	1093352,	1093937,	5.8106,	6.0000,	0,	0,	-61.7977,	7921.0000,	7792.00,	0,	3718,	5.10,	-0.01,	-0.01,	0.99,	43.07,	-0.61,	-1.63,	-0.63,	0.48,	25.28,	
1094586,	2.6862,	0.0000,	1094000,	1094585,	4.3530,	0.0000,	0,	0,	-61.7977,	7921.0000,	7755.00,	0,	3718,	5.10,	-0.01,	-0.01,	1.00,	43.23,	-0.62,	-1.82,	-0.48,	0.79,	25.38,	
1095234,	5.0002,	5.0000,	1094648,	1095233,	3.7004,	0.0000,	0,	0,	-61.7977,	7921.0000,	7612.00,	0,	3718,	5.10,	-0.01,	-0.02,	1.00,	43.08,	-0.73,	-1.66,	-1.20,	0.29,	25.33,	
1095882,	4.8869,	0.0000,	1095297,	1095881,	4.2093,	0.0000,	0,	0,	-61.7977,	7921.0000,	7619.00,	0,	3718,	5.10,	-0.00,	-0.01,	1.00,	43.24,	-0.40,	-1.66,	-0.64,	0.20,	25.33,	
1096530,	4.3044,	0.0000,	1095945,	1096529,	4.4746,	0.0000,	0,	0,	-61.7977,	7921.0000,	7655.00,	0,	3718,	5.10,	-0.01,	-0.02,	1.00,	43.23,	-0.80,	-1.73,	-0.99,	0.70,	25.38,	
1097179,	4.0616,	0.0000,	1096593,	1097178,	4.4079,	0.0000,	0,	0,	-61.7977,	7921.0000,	7670.00,	0,	3718,	5.10,	-0.01,	-0.00,	1.00,	43.37,	-0.79,	-1.82,	-0.21,	0.29,	25.33,	
1097827,	1.6991,	0.0000,	1097241,	1097826,	4.2724,	0.0000,	0,	0,	-61.7977,	7921.0000,	7816.00,	0,	3718,	5.10,	-0.00,	-0.02,	1.00,	43.16,	-0.53,	-1.63,	-0.90,	0.15,	25.28,	
1098475,	3.0745,	0.0000,	1097889,	1098474,	3.2649,	0.0000,	0,	0,	-61.7977,	7921.0000,	7731.00,	0,	3718,	5.10,	-0.01,	-0.01,	0.99,	43.21,	-0.72,	-1.89,	-0.30,	0.62,	25.24,	
1099123,	4.9516,	0.0000,	1098537,	1099122,	3.1904,	0.0000,	0,	0,	-61.7977,	7921.0000,	7615.00,	0,	3718,	5.07,	-0.01,	-0.02,	0.99,	43.18,	-0.73,	-1.76,	-0.89,	0.41,	25.24,	
1099771,	2.8642,	0.0000,	1099186,	1099770,	3.8799,	0.0000,	0,	0,	-61.7977,	7921.0000,	7744.00,	0,	3718,	5.07,	-0.01,	-0.01,	1.00,	42.99,	-0.47,	-1.73,	-0.85,	0.35,	25.24,	
1100420,	3.5600,	0.0000,	1099834,	1100419,	3.4823,	0.0000,	0,	0,	-61.7977,	7921.0000,	7701.00,	0,	3718,	5.10,	-0.01,	-0.01,	1.00,	43.29,	-0.73,	-2.10,	-0.35,	0.80,	25.24,	
1101068,	6.6507,	6.5000,	1100482,	1101067,	3.5127,	0.0000,	0,	0,	-61.7977,	7921.0000,	7510.00,	0,	3718,	5.10,	-0.00,	-0.01,	1.00,	43.19,	-0.56,	-1.59,	-0.81,	0.27,	25.19,	
1101716,	4.5956,	0.0000,	1101130,	1101715,	4.7412,	0.0000,	0,	0,	-61.7977,	7921.0000,	7637.00,	0,	3718,	5.10,	-0.01,	-0.01,	1.00,	43.24,	-0.74,	-1.82,	-0.85,	0.29,	25.19,	
1102364,	7.2009,	7.0000,	1101778,	1102363,	4.6842,	0.0000,	0,	0,	-61.7977,	7921.0000,	7476.00,	0,	3718,	5.10,	0.00,	-0.01,	1.00,	42.90,	-0.61,	-1.68,	-0.31,	-0.01,	25.28,	
1103012,	5.8902,	6.0000,	1102427,	1103011,	5.6695,	5.5000,	0,	0,	-61.7977,	7921.0000,	7557.00,	0,	3718,	5.10,	-0.01,	-0.01,	1.01,	43.58,	-0.57,	-1.85,	-0.64,	0.63,	25.38,	
1103661,	4.4015,	0.0000,	1103075,	1103660,	5.7559,	6.0000,	0,	0,	-61.7977,	7921.0000,	7649.00,	0,	3718,	5.10,	-0.01,	-0.01,	1.00,	43.34,	-0.51,	-1.72,	-0.59,	0.45,	25.24,	
1104309,	2.4758,	0.0000,	1103723,	1104308,	5.2256,	5.0000,	0,	0,	-61.7977,	7921.0000,	7768.00,	0,	3718,	5.10,	-0.01,	-0.01,	1.01,	42.92,	-0.57,	-1.76,	-0.75,	0.51,	25.19,	
1104957,	5.2429,	5.0000,	1104371,	1104956,	4.1491,	0.0000,	0,	0,	-61.7977,	7921.0000,	7597.00,	0,	3718,	5.10,	-0.00,	-0.01,	1.01,	43.29,	-0.65,	-1.67,	-0.65,	0.19,	25.28,	
1105605,	1.6020,	0.0000,	1105019,	1105604,	4.5773,	0.0000,	0,	0,	-61.7977,	7921.0000,	7822.00,	0,	3718,	5.10,	-0.01,	-0.01,	1.00,	43.23,	-0.61,	-1.87,	-0.42,	0.59,	25.28,	
1106253,	4.9840,	0.0000,	1105668,	1106252,	3.4125,	0.0000,	0,	0,	-61.7977,	7921.0000,	7613.00,	0,	3718,	5.10,	-0.01,	-0.02,	1.00,	42.90,	-0.47,	-1.77,	-1.09,	0.57,	25.28,	
1106902,	1.6667,	0.0000,	1106315,	1106899,	4.0277,	0.0000,	0,	0,	-61.7977,	7921.0000,	7818.00,	0,	3718,	5.10,	-0.01,	-0.01,	1.00,	43.18,	-0.28,	-1.80,	-0.39,	0.46,	25.24,	
1107550,	4.6118,	0.0000,	1106963,	1107548,	3.1034,	0.0000,	0,	0,	-61.7977,	7921.0000,	7636.00,	0,	3718,	5.10,	-0.01,	-0.01,	1.00,	43.04,	-0.63,	-1.76,	-0.48,	0.73,	25.33,	
1108198,	5.9226,	6.0000,	1107611,	1108196,	3.6939,	0.0000,	0,	0,	-61.7977,	7921.0000,	7555.00,	0,	3718,	5.10,	-0.01,	-0.00,	1.01,	43.05,	-0.81,	-1.76,	-0.03,	0.51,	25.28,	
1108846,	4.0293,	0.0000,	1108259,	1108844,	4.5664,	0.0000,	0,	0,	-61.7977,	7921.0000,	7672.00,	0,	3718,	5.10,	-0.00,	-0.00,	1.00,	43.15,	-0.50,	-1.69,	-0.25,	0.25,	25.38,	
1109494,	5.4371,	5.5000,	1108908,	1109492,	4.3561,	0.0000,	0,	0,	-61.7977,	7921.0000,	7585.00,	0,	3718,	5.10,	-0.01,	-0.01,	1.00,	43.08,	-0.69,	-1.85,	-0.43,	0.43,	25.38,	
1110142,	7.1847,	7.0000,	1109556,	1110140,	4.7793,	0.0000,	0,	0,	-61.7977,	7921.0000,	7477.00,	0,	3718,	5.10,	-0.01,	-0.02,	1.00,	43.16,	-0.57,	-1.65,	-0.92,	0.63,	25.24,	
1110791,	8.2366,	8.0000,	1110204,	1110789,	5.7210,	6.0000,	0,	0,	-61.7977,	7921.0000,	7412.00,	0,	3718,	5.10,	-0.01,	-0.02,	1.00,	43.11,	-0.70,	-1.68,	-0.87,	0.60,	25.33,	
1111438,	5.2267,	5.0000,	1110852,	1111437,	6.7059,	7.0000,	0,	0,	-61.7977,	7921.0000,	7598.00,	0,	3718,	5.10,	-0.01,	-0.00,	1.00,	43.11,	-0.85,	-2.00,	-0.13,	0.67,	25.28,	
1112086,	3.7218,	0.0000,	1111500,	1112085,	6.1268,	6.0000,	0,	0,	-61.7977,	7921.0000,	7691.00,	0,	3718,	5.10,	-0.01,	-0.01,	1.00,	43.25,	-0.67,	-1.89,	-0.74,	0.56,	25.33,	
1112734,	7.0391,	7.0000,	1112148,	1112733,	5.1852,	5.0000,	0,	0,	-61.7977,	7921.0000,	7486.00,	0,	3718,	5.10,	-0.01,	-0.01,	1.00,	43.24,	-0.61,	-1.76,	-0.45,	0.64,	25.28,	
1113382,	6.3918,	6.0000,	1112797,	1113381,	5.9110,	6.0000,	0,	0,	-61.7977,	7921.0000,	7526.00,	0,	3718,	5.10,	-0.01,	-0.02,	0.99,	43.11,	-0.43,	-1.78,	-1.04,	0.80,	25.24,	
1114031,	4.6604,	0.0000,	1113445,	1114030,	6.0993,	6.0000,	0,	0,	-61.7977,	7921.0000,	7633.00,	0,	3718,	5.10,	-0.01,	-0.01,	1.00,	43.16,	-0.65,	-1.89,	-0.46,	0.62,	25.33,	
1114679,	7.1847,	7.0000,	1114093,	1114678,	5.5359,	5.5000,	0,	0,	-61.7977,	7921.0000,	7477.00,	0,	3718,	5.10,	-0.01,	-0.00,	0.99,	43.08,	-0.62,	-1.60,	-0.16,	0.34,	25.28,	
1115327,	7.1362,	7.0000,	1114741,	1115326,	6.1814,	6.0000,	0,	0,	-61.7977,	7921.0000,	7480.00,	0,	3718,	5.10,	-0.01,	-0.02,	1.00,	43.11,	-0.60,	-1.85,	-0.94,	0.54,	25.19,	
1115975,	4.1102,	0.0000,	1115389,	1115974,	6.5552,	6.5000,	0,	0,	-61.7977,	7921.0000,	7667.00,	0,	3718,	5.10,	-0.00,	-0.01,	1.00,	43.21,	-0.77,	-1.68,	-0.31,	0.15,	25.28,	
1116623,	1.9095,	0.0000,	1116038,	1116622,	5.5980,	5.5000,	0,	0,	-61.7977,	7921.0000,	7803.00,	0,	3718,	5.10,	-0.01,	-0.01,	1.00,	43.14,	-0.49,	-1.66,	-0.63,	0.52,	25.33,	
1117272,	2.7509,	0.0000,	1116686,	1117271,	4.1539,	0.0000,	0,	0,	-61.7977,	7921.0000,	7751.00,	0,	3718,	5.10,	-0.01,	-0.01,	1.00,	43.21,	-0.48,	-1.84,	-0.45,	0.60,	25.28,	
1117920,	4.0616,	0.0000,	1117334,	1117919,	3.6046,	0.0000,	0,	0,	-61.7977,	7921.0000,	7670.00,	0,	3718,	5.10,	-0.01,	-0.01,	1.00,	43.16,	-0.73,	-1.63,	-0.73,	0.57,	25.33,	
1118568,	4.7736,	0.0000,	1117982,	1118567,	3.7836,	0.0000,	0,	0,	-61.7977,	7921.0000,	7626.00,	0,	3718,	5.10,	-0.01,	-0.01,	1.00,	43.11,	-0.54,	-1.71,	-0.59,	0.32,	25.28,	
1119216,	7.8644,	8.0000,	1118630,	1119215,	4.1712,	0.0000,	0,	0,	-61.7977,	7921.0000,	7435.00,	0,	3718,	5.10,	-0.00,	-0.02,	1.00,	43.31,	-0.72,	-1.79,	-0.98,	0.18,	25.19,	
1119864,	3.2525,	0.0000,	1119279,	1119863,	5.6171,	5.5000,	0,	0,	-61.7977,	7921.0000,	7720.00,	0,	3718,	5.10,	-0.01,	-0.00,	1.00,	42.92,	-0.67,	-1.85,	-0.14,	0.66,	25.24,	
1120513,	3.5600,	0.0000,	1119927,	1120512,	4.6914,	0.0000,	0,	0,	-61.7977,	7921.0000,	7701.00,	0,	3718,	5.10,	-0.01,	-0.02,	1.00,	43.19,	-0.76,	-1.64,	-1.09,	0.36,	25.33,	
1121161,	3.8027,	0.0000,	1120575,	1121160,	4.2484,	0.0000,	0,	0,	-61.7977,	7921.0000,	7686.00,	0,	3718,	5.10,	-0.01,	-0.01,	1.00,	43.37,	-0.53,	-1.75,	-0.64,	0.81,	25.28,	
1121809,	6.0520,	6.0000,	1121223,	1121808,	4.0739,	0.0000,	0,	0,	-61.7977,	7921.0000,	7547.00,	0,	3718,	5.10,	-0.01,	-0.00,	1.00,	43.12,	-0.60,	-1.89,	-0.18,	0.29,	25.33,	
1122457,	3.8836,	0.0000,	1121871,	1122456,	4.8484,	0.0000,	0,	0,	-61.7977,	7921.0000,	7681.00,	0,	3718,	5.10,	-0.01,	-0.01,	1.00,	43.21,	-0.57,	-1.82,	-0.44,	0.84,	25.33,	
1123105,	4.2558,	0.0000,	1122520,	1123104,	4.4707,	0.0000,	0,	0,	-61.7977,	7921.0000,	7658.00,	0,	3718,	5.10,	-0.01,	-0.01,	1.00,	43.23,	-0.71,	-1.84,	-0.68,	0.75,	25.19,	
1123753,	5.4695,	5.5000,	1123168,	1123752,	4.3866,	0.0000,	0,	0,	-61.7977,	7921.0000,	7583.00,	0,	3718,	5.10,	-0.01,	-0.01,	1.00,	43.23,	-0.65,	-1.69,	-0.81,	0.43,	25.33,	
1124402,	4.3529,	0.0000,	1123816,	1124401,	4.8105,	0.0000,	0,	0,	-61.7977,	7921.0000,	7652.00,	0,	3718,	5.10,	-0.01,	-0.01,	1.00,	43.22,	-0.62,	-1.79,	-0.46,	0.67,	25.19,	
1125050,	2.6215,	0.0000,	1124464,	1125049,	4.6314,	0.0000,	0,	0,	-61.7977,	7921.0000,	7759.00,	0,	3718,	5.10,	-0.01,	-0.01,	1.00,	43.11,	-0.95,	-1.76,	-0.39,	0.63,	25.28,	
1125698,	3.9969,	0.0000,	1125112,	1125697,	3.8445,	0.0000,	0,	0,	-61.7977,	7921.0000,	7674.00,	0,	3718,	5.10,	-0.01,	-0.01,	1.00,	43.03,	-0.63,	-1.77,	-0.74,	0.60,	25.24,	
1126346,	6.4727,	6.5000,	1125761,	1126345,	3.9042,	0.0000,	0,	0,	-61.7977,	7921.0000,	7521.00,	0,	3718,	5.10,	-0.01,	-0.00,	1.00,	43.32,	-0.63,	-1.85,	-0.25,	0.42,	25.28,	
1126994,	4.7575,	0.0000,	1126409,	1126993,	4.9098,	0.0000,	0,	0,	-61.7977,	7921.0000,	7627.00,	0,	3718,	5.10,	-0.01,	-0.01,	1.00,	43.21,	-0.39,	-1.85,	-0.43,	0.32,	25.28,	
1127643,	5.7607,	6.0000,	1127057,	1127642,	4.8501,	0.0000,	0,	0,	-61.7977,	7921.0000,	7565.00,	0,	3718,	5.10,	-0.00,	-0.01,	1.01,	43.11,	-0.56,	-1.80,	-0.42,	0.26,	25.24,	
1128291,	8.1395,	8.0000,	1127705,	1128290,	5.2066,	5.0000,	0,	0,	-61.7977,	7921.0000,	7418.00,	0,	3718,	5.10,	-0.01,	-0.01,	0.99,	43.11,	-0.71,	-1.82,	-0.63,	0.39,	25.28,	
1128939,	1.8285,	0.0000,	1128353,	1128938,	1.8285,	0.0000,	1,	0,	-61.7977,	7921.0000,	7808.00,	0,	3718,	5.10,	-0.01,	-0.01,	1.00,	43.08,	-0.57,	-1.63,	-0.49,	0.59,	25.33,	
1129587,	7.0391,	7.0000,	1129001,	1129586,	7.0391,	7.0000,	1,	0,	-61.7977,	7921.0000,	7486.00,	0,	3718,	5.10,	-0.01,	-0.01,	1.00,	43.30,	-0.73,	-1.72,	-0.61,	0.43,	25.24,	
1130235,	4.6604,	0.0000,	1129649,	1130234,	7.0391,	7.0000,	0,	0,	-61.7977,	7921.0000,	7633.00,	0,	3718,	5.10,	-0.01,	-0.01,	1.00,	43.21,	-0.69,	-2.01,	-0.42,	0.54,	25.28,	
1130884,	6.1491,	6.0000,	1130297,	1130882,	6.1078,	6.0000,	0,	0,	-61.7977,	7921.0000,	7541.00,	0,	3718,	5.10,	-0.01,	-0.01,	1.00,	43.28,	-0.60,	-1.73,	-0.56,	0.49,	25.24,	
1131532,	5.9549,	6.0000,	1130946,	1131530,	6.1240,	6.0000,	0,	0,	-61.7977,	7921.0000,	7553.00,	0,	3718,	5.10,	-0.01,	-0.02,	1.00,	43.02,	-0.79,	-1.64,	-1.06,	0.60,	25.28,	
1132180,	5.0811,	5.0000,	1131594,	1132178,	6.0578,	6.0000,	0,	0,	-61.7977,	7921.0000,	7607.00,	0,	3718,	5.10,	-0.00,	-0.01,	1.00,	43.10,	-0.46,	-1.71,	-0.46,	0.20,	25.24,	
1132828,	3.7380,	0.0000,	1132242,	1132826,	5.6754,	5.5000,	0,	0,	-61.7977,	7921.0000,	7690.00,	0,	3718,	5.10,	-0.01,	-0.01,	1.00,	43.26,	-0.63,	-1.82,	-0.60,	0.49,	25.28,	
1133476,	4.2396,	0.0000,	1132890,	1133474,	4.9169,	0.0000,	0,	0,	-61.7977,	7921.0000,	7659.00,	0,	3718,	5.10,	-0.01,	-0.01,	1.00,	43.31,	-0.71,	-1.73,	-0.53,	0.55,	25.19,	
1134125,	8.5764,	8.5000,	1133538,	1134123,	4.6518,	0.0000,	0,	0,	-61.7977,	7921.0000,	7391.00,	0,	3718,	5.10,	-0.01,	-0.01,	1.00,	43.07,	-0.99,	-1.66,	-0.38,	0.54,	25.14,	
1134773,	4.6442,	0.0000,	1134186,	1134771,	6.1882,	6.0000,	0,	0,	-61.7977,	7921.0000,	7634.00,	0,	3718,	5.10,	-0.01,	-0.01,	0.99,	43.16,	-0.73,	-1.73,	-0.60,	0.38,	25.28,	
1135421,	4.1749,	0.0000,	1134834,	1135419,	5.5837,	5.5000,	0,	0,	-61.7977,	7921.0000,	7663.00,	0,	3718,	5.10,	-0.01,	-0.01,	1.00,	43.12,	-0.58,	-1.72,	-0.47,	0.40,	25.19,	
1136069,	6.6993,	6.5000,	1135482,	1136067,	5.0322,	5.0000,	0,	0,	-61.7977,	7921.0000,	7507.00,	0,	3718,	5.10,	-0.01,	-0.00,	0.99,	43.21,	-0.67,	-1.59,	-0.15,	0.60,	25.28,	
1136716,	4.4015,	0.0000,	1136131,	1136715,	5.6849,	5.5000,	0,	0,	-61.7977,	7921.0000,	7649.00,	0,	3718,	5.10,	-0.01,	-0.01,	1.00,	43.11,	-0.50,	-1.75,	-0.38,	0.29,	25.24,	
1137364,	5.9711,	6.0000,	1136779,	1137363,	5.1824,	5.0000,	0,	0,	-61.7977,	7921.0000,	7552.00,	0,	3718,	5.10,	-0.01,	-0.01,	1.00,	43.15,	-0.78,	-1.88,	-0.69,	0.35,	25.38,	
1138013,	1.7962,	0.0000,	1137427,	1138012,	5.4912,	5.5000,	0,	0,	-61.7977,	7921.0000,	7810.00,	0,	3718,	5.10,	-0.01,	-0.01,	0.99,	43.19,	-0.66,	-1.81,	-0.55,	0.58,	25.33,	
1138661,	6.9582,	7.0000,	1138075,	1138660,	6.9582,	7.0000,	1,	0,	-61.7977,	7921.0000,	7491.00,	0,	3718,	5.10,	-0.01,	-0.01,	1.00,	43.15,	-0.57,	-1.56,	-0.74,	0.62,	25.19,	
1139309,	4.0131,	0.0000,	1138723,	1139308,	6.9582,	7.0000,	0,	0,	-61.7977,	7921.0000,	7673.00,	0,	3718,	5.10,	-0.01,	-0.01,	1.00,	43.24,	-0.56,	-1.78,	-0.39,	0.48,	25.28,	
1139957,	5.7284,	6.0000,	1139372,	1139956,	5.8052,	6.0000,	0,	0,	-61.7977,	7921.0000,	7567.00,	0,	3718,	5.10,	-0.01,	-0.01,	1.00,	43.34,	-0.63,	-1.83,	-0.78,	0.65,	25.28,	
1140605,	4.7413,	0.0000,	1140020,	1140604,	5.7751,	6.0000,	0,	0,	-61.7977,	7921.0000,	7628.00,	0,	3718,	5.10,	-0.01,	-0.02,	1.00,	43.18,	-0.80,	-1.92,	-0.87,	0.52,	25.24,	
1141254,	3.2849,	0.0000,	1140668,	1141253,	5.3704,	5.0000,	0,	0,	-61.7977,	7921.0000,	7718.00,	0,	3718,	5.10,	-0.00,	-0.01,	1.00,	43.21,	-0.51,	-1.74,	-0.73,	0.22,	25.28,	
1141902,	2.8965,	0.0000,	1141316,	1141901,	4.5539,	0.0000,	0,	0,	-61.7977,	7921.0000,	7742.00,	0,	3718,	5.10,	-0.00,	-0.00,	1.00,	43.10,	-0.69,	-1.76,	-0.13,	0.21,	25.19,	
1142550,	6.0844,	6.0000,	1141964,	1142549,	3.9051,	0.0000,	0,	0,	-61.7977,	7921.0000,	7545.00,	0,	3718,	5.10,	-0.01,	-0.02,	1.00,	43.27,	-0.68,	-1.78,	-1.05,	0.47,	25.19,	
1143198,	7.5407,	7.5000,	1142612,	1143197,	4.7583,	0.0000,	0,	0,	-61.7977,	7921.0000,	7455.00,	0,	3718,	5.10,	-0.01,	-0.01,	1.00,	43.18,	-0.70,	-1.79,	-0.52,	0.72,	25.28,	
1143846,	8.1233,	8.0000,	1143261,	1143845,	5.8476,	6.0000,	0,	0,	-61.7977,	7921.0000,	7419.00,	0,	3718,	5.10,	-0.01,	-0.01,	1.00,	43.18,	-0.78,	-1.85,	-0.43,	0.48,	25.28,	
1144495,	6.8287,	7.0000,	1143909,	1144494,	6.7385,	7.0000,	0,	0,	-61.7977,	7921.0000,	7499.00,	0,	3718,	5.10,	-0.00,	-0.01,	1.00,	43.09,	-0.79,	-1.60,	-0.67,	0.28,	25.19,	
1145143,	4.8545,	0.0000,	1144557,	1145142,	6.7738,	7.0000,	0,	0,	-61.7977,	7921.0000,	7621.00,	0,	3718,	5.10,	-0.00,	-0.01,	1.00,	43.11,	-0.77,	-1.66,	-0.60,	0.03,	25.24,	
1145791,	2.1198,	0.0000,	1145205,	1145790,	6.0224,	6.0000,	0,	0,	-61.7977,	7921.0000,	7790.00,	0,	3718,	5.07,	-0.00,	-0.01,	1.00,	43.27,	-0.75,	-1.69,	-0.29,	0.28,	25.28,	
1146439,	5.0002,	5.0000,	1145853,	1146438,	4.4946,	0.0000,	0,	0,	-61.7977,	7921.0000,	7612.00,	0,	3718,	5.10,	-0.01,	-0.02,	1.01,	43.31,	-0.60,	-1.70,	-0.96,	0.72,	25.19,	
1147087,	6.8611,	7.0000,	1146502,	1147086,	4.6925,	0.0000,	0,	0,	-61.7977,	7921.0000,	7497.00,	0,	3718,	5.10,	-0.01,	-0.02,	1.00,	43.05,	-0.69,	-1.79,	-1.32,	0.63,	25.28,	
1147736,	3.6085,	0.0000,	1147150,	1147735,	5.5415,	5.5000,	0,	0,	-61.7977,	7921.0000,	7698.00,	0,	3718,	5.10,	-0.00,	-0.01,	1.00,	43.07,	-0.53,	-1.82,	-0.52,	0.15,	25.24,	
1148384,	7.1362,	7.0000,	1147798,	1148383,	4.7848,	0.0000,	0,	0,	-61.7977,	7921.0000,	7480.00,	0,	3718,	5.10,	-0.01,	-0.01,	1.00,	43.02,	-0.55,	-1.71,	-0.43,	0.48,	25.24,	
1149032,	2.0389,	0.0000,	1148446,	1149031,	2.0389,	0.0000,	1,	0,	-61.7977,	7921.0000,	7795.00,	0,	3718,	5.10,	-0.00,	-0.01,	1.00,	43.32,	-0.59,	-1.82,	-0.53,	0.20,	25.33,	
1149680,	3.3658,	0.0000,	1149094,	1149679,	2.0389,	0.0000,	0,	0,	-61.7977,	7921.0000,	7713.00,	0,	3718,	5.10,	-0.01,	-0.01,	1.00,	43.16,	-0.53,	-1.80,	-0.70,	0.56,	25.28,	
1150328,	4.6442,	0.0000,	1149743,	1150327,	2.5584,	0.0000,	0,	0,	-61.7977,	7921.0000,	7634.00,	0,	3718,	5.10,	-0.01,	-0.01,	1.00,	43.26,	-0.56,	-1.72,	-0.29,	0.77,	25.28,	
1150977,	1.9904,	0.0000,	1150391,	1150976,	3.3750,	0.0000,	0,	0,	-61.7977,	7921.0000,	7798.00,	0,	3718,	5.10,	-0.01,	-0.01,	1.00,	42.97,	-0.69,	-1.70,	-0.29,	0.63,	25.19,	
1151625,	6.4404,	6.5000,	1151039,	1151624,	2.8329,	0.0000,	0,	0,	-61.7977,	7921.0000,	7523.00,	0,	3718,	5.10,	-0.01,	-0.02,	1.00,	43.11,	-0.66,	-1.60,	-1.20,	0.47,	25.28,	
1152273,	5.6960,	5.5000,	1151687,	1152272,	4.2452,	0.0000,	0,	0,	-61.7977,	7921.0000,	7569.00,	0,	3718,	5.10,	-0.01,	-0.01,	1.00,	43.05,	-0.66,	-1.77,	-0.63,	0.35,	25.38,	
1152921,	4.0293,	0.0000,	1152335,	1152920,	4.8132,	0.0000,	0,	0,	-61.7977,	7921.0000,	7672.00,	0,	3718,	5.10,	-0.00,	-0.01,	1.00,	43.02,	-0.68,	-1.59,	-0.82,	0.28,	25.24,	
1153569,	7.7349,	8.0000,	1152984,	1153568,	4.5063,	0.0000,	0,	0,	-61.7977,	7921.0000,	7443.00,	0,	3718,	5.10,	-0.01,	-0.01,	0.99,	43.28,	-0.68,	-1.57,	-0.55,	0.76,	25.24,	
1154217,	4.5309,	0.0000,	1153632,	1154216,	5.7703,	6.0000,	0,	0,	-61.7977,	7921.0000,	7641.00,	0,	3718,	5.10,	-0.01,	-0.01,	1.00,	43.20,	-0.71,	-1.90,	-0.38,	0.35,	25.28,	
1154866,	4.1749,	0.0000,	1154280,	1154865,	5.2851,	5.0000,	0,	0,	-61.7977,	7921.0000,	7663.00,	0,	3718,	5.10,	-0.00,	-0.01,	1.00,	43.18,	-0.86,	-1.72,	-0.60,	0.28,	25.19,	
1155514,	4.3691,	0.0000,	1154928,	1155513,	4.8505,	0.0000,	0,	0,	-61.7977,	7921.0000,	7651.00,	0,	3718,	5.10,	-0.00,	-0.01,	1.00,	43.11,	-0.40,	-1.90,	-0.35,	0.25,	25.19,	
1156162,	4.9355,	0.0000,	1155576,	1156161,	4.6620,	0.0000,	0,	0,	-61.7977,	7921.0000,	7616.00,	0,	3718,	5.10,	-0.01,	-0.01,	1.00,	43.27,	-0.74,	-1.61,	-0.31,	0.78,	25.19,	
1156810,	4.4985,	0.0000,	1156225,	1156809,	4.7691,	0.0000,	0,	0,	-61.7977,	7921.0000,	7643.00,	0,	3718,	5.10,	-0.01,	-0.01,	1.00,	43.02,	-0.60,	-1.83,	-0.73,	0.45,	25.19,	
1157458,	7.1686,	7.0000,	1156873,	1157457,	4.6632,	0.0000,	0,	0,	-61.7977,	7921.0000,	7478.00,	0,	3718,	5.10,	-0.00,	-0.02,	1.00,	43.38,	-0.69,	-1.70,	-1.13,	0.25,	25.24,	
1158107,	5.6798,	5.5000,	1157521,	1158106,	5.6440,	5.5000,	0,	0,	-61.7977,	7921.0000,	7570.00,	0,	3718,	5.10,	-0.01,	-0.02,	1.00,	43.49,	-0.60,	-1.79,	-0.90,	0.80,	25.28,	
1158755,	3.0260,	0.0000,	1158169,	1158754,	5.6580,	5.5000,	0,	0,	-61.7977,	7921.0000,	7734.00,	0,	3718,	5.10,	-0.00,	-0.01,	1.00,	43.07,	-0.62,	-1.98,	-0.49,	0.21,	25.28,	
1159403,	6.2786,	6.0000,	1158817,	1159402,	4.6276,	0.0000,	0,	0,	-61.7977,	7921.0000,	7533.00,	0,	3718,	5.10,	-0.00,	-0.02,	1.00,	43.27,	-0.59,	-1.79,	-0.91,	0.10,	25.33,	
1160051,	5.3886,	5.0000,	1159465,	1160050,	5.2739,	5.0000,	0,	0,	-61.7977,	7921.0000,	7588.00,	0,	3718,	5.10,	-0.01,	-0.01,	1.00,	43.30,	-0.59,	-1.66,	-0.36,	0.55,	25.24,	
1160699,	7.5084,	7.5000,	1160114,	1160698,	5.3188,	5.0000,	0,	0,	-61.7977,	7921.0000,	7457.00,	0,	3718,	5.10,	-0.01,	-0.02,	1.00,	43.02,	-0.59,	-1.88,	-0.91,	0.46,	25.33,	
1161348,	5.0973,	5.0000,	1160762,	1161347,	6.1760,	6.0000,	0,	0,	-61.7977,	7921.0000,	7606.00,	0,	3718,	5.10,	-0.01,	-0.01,	1.00,	43.05,	-0.65,	-1.86,	-0.52,	0.53,	25.33,	
1161996,	7.6378,	7.5000,	1161410,	1161995,	5.7537,	6.0000,	0,	0,	-61.7977,	7921.0000,	7449.00,	0,	3718,	5.10,	-0.01,	-0.01,	1.00,	43.23,	-0.66,	-1.62,	-0.44,	0.62,	25.28,	
1162644,	3.9484,	0.0000,	1162058,	1162643,	6.4913,	6.5000,	0,	0,	-61.7977,	7921.0000,	7677.00,	0,	3718,	5.10,	-0.01,	-0.01,	1.00,	43.13,	-0.49,	-1.78,	-0.85,	0.31,	25.24,	
1163292,	2.9775,	0.0000,	1162706,	1163291,	5.4958,	5.5000,	0,	0,	-61.7977,	7921.0000,	7737.00,	0,	3718,	5.10,	-0.01,	-0.00,	1.00,	43.23,	-0.45,	-1.82,	-0.24,	0.59,	25.33,	
1163940,	3.8027,	0.0000,	1163355,	1163938,	4.5098,	0.0000,	0,	0,	-61.7977,	7921.0000,	7686.00,	0,	3718,	5.10,	-0.01,	-0.00,	1.00,	43.57,	-0.73,	-1.93,	-0.17,	0.59,	25.33,	
1164589,	2.9127,	0.0000,	1164002,	1164587,	4.2330,	0.0000,	0,	0,	-61.7977,	7921.0000,	7741.00,	0,	3718,	5.10,	-0.01,	-0.01,	1.00,	43.24,	-0.77,	-1.85,	-0.63,	0.77,	25.42,	
1165237,	5.0649,	5.0000,	1164650,	1165235,	3.7161,	0.0000,	0,	0,	-61.7977,	7921.0000,	7608.00,	0,	3718,	5.10,	-0.01,	-0.01,	1.00,	43.18,	-0.48,	-1.68,	-0.50,	0.52,	25.33,	
1165885,	4.5471,	0.0000,	1165298,	1165883,	4.2442,	0.0000,	0,	0,	-61.7977,	7921.0000,	7640.00,	0,	3718,	5.10,	-0.00,	-0.00,	1.00,	43.04,	-0.81,	-1.63,	-0.20,	0.14,	25.19,	
1166532,	3.3820,	0.0000,	1165946,	1166531,	4.3628,	0.0000,	0,	0,	-61.7977,	7921.0000,	7712.00,	0,	3718,	5.10,	-0.01,	-0.01,	1.00,	43.10,	-0.49,	-1.79,	-0.38,	0.35,	25.28,	
1167180,	4.9193,	0.0000,	1166595,	1167179,	3.9788,	0.0000,	0,	0,	-61.7977,	7921.0000,	7617.00,	0,	3718,	5.10,	-0.00,	-0.01,	1.00,	42.91,	-0.50,	-1.73,	-0.46,	0.26,	25.24,	
1167828,	7.9129,	8.0000,	1167243,	1167827,	4.3470,	0.0000,	0,	0,	-61.7977,	7921.0000,	7432.00,	0,	3718,	5.10,	-0.01,	-0.01,	1.00,	43.18,	-0.50,	-1.94,	-0.43,	0.57,	25.33,	
1168477,	5.1458,	5.0000,	1167891,	1168476,	5.7431,	6.0000,	0,	0,	-61.7977,	7921.0000,	7603.00,	0,	3718,	5.07,	-0.01,	-0.01,	1.00,	43.24,	-0.75,	-1.81,	-0.49,	0.29,	25.28,	
1169125,	5.2105,	5.0000,	1168539,	1169124,	5.5092,	5.5000,	0,	0,	-61.7977,	7921.0000,	7599.00,	0,	3718,	5.10,	-0.01,	-0.01,	1.00,	43.18,	-0.47,	-1.79,	-0.80,	0.50,	25.33,	
1169773,	5.5018,	5.5000,	1169187,	1169772,	5.3923,	5.0000,	0,	0,	-61.7977,	7921.0000,	7581.00,	0,	3718,	5.10,	-0.01,	-0.00,	1.00,	43.19,	-0.68,	-1.73,	-0.27,	0.84,	25.28,	
1170421,	7.1847,	7.0000,	1169836,	1170420,	5.4352,	5.5000,	0,	0,	-61.7977,	7921.0000,	7477.00,	0,	3718,	5.07,	-0.01,	-0.01,	1.00,	43.31,	-0.70,	-1.75,	-0.50,	0.85,	25.24,	
1171069,	5.7284,	6.0000,	1170484,	1171068,	6.1201,	6.0000,	0,	0,	-61.7977,	7921.0000,	7567.00,	0,	3718,	5.10,	-0.01,	-0.01,	1.00,	42.96,	-1.02,	-1.84,	-0.70,	0.67,	25.33,	
1171718,	6.8449,	7.0000,	1171132,	1171717,	5.9668,	6.0000,	0,	0,	-61.7977,	7921.0000,	7498.00,	0,	3718,	5.10,	-0.00,	-0.01,	0.99,	43.40,	-0.63,	-1.85,	-0.65,	0.21,	25.14,	
1172366,	7.1686,	7.0000,	1171780,	1172365,	6.3106,	6.0000,	0,	0,	-61.7977,	7921.0000,	7478.00,	0,	3718,	5.10,	-0.00,	-0.02,	1.00,	42.95,	-0.53,	-2.02,	-1.06,	0.03,	25.33,	
1173014,	4.3691,	0.0000,	1172428,	1173013,	6.6465,	6.5000,	0,	0,	-61.7977,	7921.0000,	7651.00,	0,	3718,	5.10,	-0.01,	-0.01,	1.00,	43.20,	-0.46,	-1.65,	-0.29,	0.43,	25.33,	
1173662,	7.2818,	7.0000,	1173076,	1173660,	5.7549,	6.0000,	0,	0,	-61.7977,	7921.0000,	7471.00,	0,	3718,	5.10,	-0.01,	-0.02,	1.00,	43.05,	-0.55,	-1.76,	-1.07,	0.44,	25.19,	
1174310,	4.9193,	0.0000,	1173725,	1174308,	6.3527,	6.0000,	0,	0,	-61.7977,	7921.0000,	7617.00,	0,	3718,	5.10,	-0.01,	-0.01,	1.00,	43.27,	-0.79,	-1.68,	-0.72,	0.34,	25.19,	
1174958,	4.1911,	0.0000,	1174372,	1174957,	5.7915,	6.0000,	0,	0,	-61.7977,	7921.0000,	7662.00,	0,	3718,	5.10,	-0.01,	-0.02,	1.00,	43.05,	-0.69,	-1.98,	-1.09,	0.59,	25.24,	
1175606,	5.1944,	5.0000,	1175020,	1175605,	5.1649,	5.0000,	0,	0,	-61.7977,	7921.0000,	7600.00,	0,	3718,	5.10,	-0.01,	-0.01,	1.00,	43.37,	-0.68,	-1.79,	-0.74,	0.50,	25.24,	
1176254,	4.3529,	0.0000,	1175668,	1176253,	5.1765,	5.0000,	0,	0,	-61.7977,	7921.0000,	7652.00,	0,	3718,	5.10,	-0.01,	-0.02,	1.00,	43.19,	-0.60,	-1.71,	-1.02,	0.60,	25.28,	
1176902,	3.4791,	0.0000,	1176316,	1176901,	4.8540,	0.0000,	0,	0,	-61.7977,	7921.0000,	7706.00,	0,	3718,	5.07,	-0.01,	-0.01,	1.01,	43.18,	-0.40,	-1.82,	-0.71,	0.77,	25.28,	
1177550,	4.7089,	0.0000,	1176965,	1177549,	4.3158,	0.0000,	0,	0,	-61.7977,	7921.0000,	7630.00,	0,	3718,	5.10,	-0.01,	-0.01,	1.00,	43.28,	-0.63,	-1.72,	-0.73,	0.49,	25.24,	
1178199,	4.0455,	0.0000,	1177613,	1178198,	4.4697,	0.0000,	0,	0,	-61.7977,	7921.0000,	7671.00,	0,	3718,	5.10,	-0.01,	-0.01,	1.00,	43.36,	-0.53,	-1.76,	-0.34,	0.63,	25.33,	
1178847,	4.2558,	0.0000,	1178261,	1178846,	4.3036,	0.0000,	0,	0,	-61.7977,	7921.0000,	7658.00,	0,	3718,	5.10,	-0.01,	-0.01,	1.00,	43.11,	-0.56,	-1.60,	-0.70,	0.38,	25.28,	
1179495,	3.9322,	0.0000,	1178909,	1179494,	4.2849,	0.0000,	0,	0,	-61.7977,	7921.0000,	7678.00,	0,	3718,	5.10,	-0.00,	-0.01,	1.00,	43.41,	-0.50,	-1.86,	-0.73,	0.11,	25.24,	
1180143,	5.8416,	6.0000,	1179557,	1180141,	4.1468,	0.0000,	0,	0,	-61.7977,	7921.0000,	7560.00,	0,	3718,	5.10,	-0.01,	-0.00,	1.00,	43.32,	-0.56,	-1.77,	-0.28,	0.57,	25.28,	
1180791,	4.1425,	0.0000,	1180205,	1180789,	4.8103,	0.0000,	0,	0,	-61.7977,	7921.0000,	7665.00,	0,	3718,	5.10,	0.00,	-0.01,	1.01,	43.00,	-0.55,	-1.66,	-0.85,	-0.06,	25.14,	
1181440,	4.4015,	0.0000,	1180853,	1181437,	4.5489,	0.0000,	0,	0,	-61.7977,	7921.0000,	7649.00,	0,	3718,	5.10,	-0.01,	-0.01,	1.00,	43.14,	-0.84,	-1.77,	-0.80,	0.52,	25.24,	
1182087,	6.4404,	6.5000,	1181501,	1182086,	4.4912,	0.0000,	0,	0,	-61.7977,	7921.0000,	7523.00,	0,	3718,	5.10,	-0.01,	-0.01,	1.00,	43.29,	-0.79,	-1.79,	-0.55,	0.84,	25.33,	
1182735,	4.3691,	0.0000,	1182149,	1182734,	5.2543,	5.0000,	0,	0,	-61.7977,	7921.0000,	7651.00,	0,	3718,	5.10,	-0.01,	-0.01,	1.00,	43.02,	-0.63,	-1.72,	-0.52,	0.75,	25.38,	
1183383,	4.5633,	0.0000,	1182797,	1183382,	4.9077,	0.0000,	0,	0,	-61.7977,	7921.0000,	7639.00,	0,	3718,	5.10,	-0.01,	-0.02,	1.00,	43.44,	-0.83,	-1.63,	-0.87,	0.41,	25.28,	
1184031,	3.6571,	0.0000,	1183446,	1184030,	4.7729,	0.0000,	0,	0,	-61.7977,	7921.0000,	7695.00,	0,	3718,	5.10,	-0.01,	-0.01,	1.00,	43.03,	-0.64,	-1.59,	-0.45,	0.57,	25.19,	
1184679,	6.4080,	6.5000,	1184094,	1184678,	4.3360,	0.0000,	0,	0,	-61.7977,	7921.0000,	7525.00,	0,	3718,	5.10,	-0.01,	-0.01,	1.00,	43.05,	-0.60,	-1.65,	-0.39,	0.60,	25.33,	
1185328,	5.0325,	5.0000,	1184742,	1185327,	5.1472,	5.0000,	0,	0,	-61.7977,	7921.0000,	7610.00,	0,	3718,	5.10,	-0.01,	-0.01,	1.00,	43.08,	-0.79,	-1.79,	-0.45,	0.68,	25.24,	
1185976,	0.6635,	0.0000,	1185390,	1185975,	5.1023,	5.0000,	0,	0,	-61.7977,	7921.0000,	7880.00,	0,	3718,	5.10,	-0.01,	-0.02,	1.00,	43.27,	-0.73,	-1.73,	-0.87,	0.46,	25.33,	
1186624,	5.3076,	5.0000,	1186038,	1186623,	3.3645,	0.0000,	0,	0,	-61.7977,	7921.0000,	7593.00,	0,	3718,	5.10,	-0.01,	-0.01,	1.00,	43.17,	-0.54,	-1.70,	-0.80,	0.41,	25.28,	
1187272,	1.4402,	0.0000,	1186686,	1187271,	4.1252,	0.0000,	0,	0,	-61.7977,	7921.0000,	7832.00,	0,	3718,	5.10,	-0.01,	-0.01,	0.99,	43.21,	-0.38,	-1.72,	-0.30,	0.48,	25.28,	
1187920,	0.9385,	0.0000,	1187335,	1187919,	3.0740,	0.0000,	0,	0,	-61.7977,	7921.0000,	7863.00,	0,	3718,	5.10,	-0.01,	-0.01,	0.99,	43.21,	-0.37,	-1.75,	-0.79,	0.37,	25.19,	
1188569,	4.4824,	0.0000,	1187982,	1188567,	2.2380,	0.0000,	0,	0,	-61.7977,	7921.0000,	7644.00,	0,	3718,	5.10,	-0.01,	-0.00,	1.00,	43.07,	-0.55,	-1.79,	-0.27,	0.52,	25.19,	
1189217,	4.0131,	0.0000,	1188630,	1189215,	3.1167,	0.0000,	0,	0,	-61.7977,	7921.0000,	7673.00,	0,	3718,	5.10,	-0.01,	-0.01,	1.00,	43.09,	-0.58,	-1.80,	-0.75,	0.47,	25.24,	
1189864,	5.4047,	5.5000,	1189278,	1189863,	3.4676,	0.0000,	0,	0,	-61.7977,	7921.0000,	7587.00,	0,	3718,	5.10,	-0.01,	-0.01,	0.99,	43.24,	-0.53,	-1.87,	-0.79,	0.54,	25.19,	
1190512,	6.1815,	6.0000,	1189926,	1190511,	4.2260,	0.0000,	0,	0,	-61.7977,	7921.0000,	7539.00,	0,	3718,	5.10,	-0.01,	-0.00,	1.00,	43.09,	-0.76,	-1.84,	-0.15,	0.52,	25.28,	
1191160,	6.6831,	6.5000,	1190575,	1191159,	4.9916,	0.0000,	0,	0,	-61.7977,	7921.0000,	7508.00,	0,	3718,	5.10,	-0.01,	-0.01,	1.00,	43.07,	-0.42,	-1.66,	-0.77,	0.63,	25.28,	
1191809,	4.4015,	0.0000,	1191223,	1191808,	5.6538,	5.5000,	0,	0,	-61.7977,	7921.0000,	7649.00,	0,	3718,	5.10,	-0.00,	-0.01,	1.00,	43.21,	-0.66,	-1.79,	-0.45,	0.20,	25.24,	
1192457,	3.1069,	0.0000,	1191871,	1192456,	5.1635,	5.0000,	0,	0,	-61.7977,	7921.0000,	7729.00,	0,	3718,	5.10,	-0.01,	-0.01,	1.00,	43.36,	-0.45,	-1.68,	-0.40,	0.47,	25.24,	
1193105,	3.1555,	0.0000,	1192519,	1193104,	4.3583,	0.0000,	0,	0,	-61.7977,	7921.0000,	7726.00,	0,	3718,	5.10,	-0.01,	-0.00,	1.00,	43.07,	-0.38,	-1.89,	-0.13,	0.74,	25.19,	
1193753,	5.3562,	5.0000,	1193167,	1193752,	3.8874,	0.0000,	0,	0,	-61.7977,	7921.0000,	7590.00,	0,	3718,	5.10,	-0.01,	-0.01,	1.00,	43.21,	-0.69,	-1.75,	-0.71,	0.74,	25.24,	
1194401,	3.1393,	0.0000,	1193816,	1194400,	4.4624,	0.0000,	0,	0,	-61.7977,	7921.0000,	7727.00,	0,	3718,	5.10,	-0.01,	-0.01,	1.00,	43.18,	-0.63,	-1.91,	-0.82,	0.72,	25.19,	
1195049,	7.4598,	7.5000,	1194464,	1195047,	3.9444,	0.0000,	0,	0,	-61.7977,	7921.0000,	7460.00,	0,	3718,	5.10,	-0.01,	-0.01,	1.00,	43.30,	-0.71,	-1.75,	-0.52,	0.59,	25.19,	
1195698,	5.3238,	5.0000,	1195112,	1195696,	5.3207,	5.0000,	0,	0,	-61.7977,	7921.0000,	7592.00,	0,	3718,	5.10,	-0.01,	-0.02,	1.00,	43.11,	-0.72,	-1.81,	-1.14,	0.42,	25.28,	
1196346,	4.3691,	0.0000,	1195759,	1196344,	5.3219,	5.0000,	0,	0,	-61.7977,	7921.0000,	7651.00,	0,	3718,	5.10,	-0.01,	-0.01,	1.00,	43.08,	-0.80,	-1.73,	-0.35,	0.45,	25.28,	
1196994,	3.8513,	0.0000,	1196407,	1196992,	4.9489,	0.0000,	0,	0,	-61.7977,	7921.0000,	7683.00,	0,	3718,	5.10,	-0.01,	-0.01,	1.00,	43.15,	-0.57,	-1.90,	-0.85,	0.81,	25.24,	
1197641,	8.2851,	8.0000,	1197056,	1197640,	4.5192,	0.0000,	0,	0,	-61.7977,	7921.0000,	7409.00,	0,	3718,	5.10,	-0.01,	-0.01,	1.00,	43.17,	-0.73,	-1.72,	-0.43,	0.83,	25.19,	
1198289,	2.1036,	0.0000,	1197704,	1198288,	2.1036,	0.0000,	1,	0,	-61.7977,	7921.0000,	7791.00,	0,	3718,	5.10,	-0.00,	-0.00,	1.00,	43.12,	-0.61,	-1.80,	-0.15,	0.22,	25.24,	
1198938,	5.8740,	6.0000,	1198352,	1198937,	2.1036,	0.0000,	0,	0,	-61.7977,	7921.0000,	7558.00,	0,	3718,	5.10,	-0.01,	-0.01,	1.00,	43.31,	-0.42,	-1.76,	-0.67,	0.59,	25.28,	
1199586,	2.7833,	0.0000,	1199000,	1199585,	3.5797,	0.0000,	0,	0,	-61.7977,	7921.0000,	7749.00,	0,	3718,	5.10,	-0.00,	-0.01,	1.00,	43.21,	-0.79,	-1.73,	-0.56,	0.15,	25.19,	
1200234,	6.9420,	7.0000,	1199648,	1200233,	3.2679,	0.0000,	0,	0,	-61.7977,	7921.0000,	7492.00,	0,	3718,	5.10,	-0.01,	-0.01,	1.00,	43.32,	-0.51,	-1.86,	-0.61,	0.36,	25.19,	
1200882,	4.0778,	0.0000,	1200296,	1200881,	4.7063,	0.0000,	0,	0,	-61.7977,	7921.0000,	7669.00,	0,	3718,	5.10,	-0.01,	-0.00,	1.00,	43.12,	-0.50,	-1.73,	-0.11,	0.84,	25.24,	
1201530,	5.3724,	5.0000,	1200945,	1201529,	4.4603,	0.0000,	0,	0,	-61.7977,	7921.0000,	7589.00,	0,	3718,	5.10,	-0.01,	-0.01,	0.99,	43.17,	-0.81,	-1.68,	-0.65,	0.60,	25.19,	
1202179,	4.0455,	0.0000,	1201593,	1202178,	4.8174,	0.0000,	0,	0,	-61.7977,	7921.0000,	7671.00,	0,	3718,	5.10,	-0.01,	-0.01,	1.00,	43.31,	-0.72,	-1.80,	-0.32,	0.72,	25.24,	
1202827,	4.3205,	0.0000,	1202241,	1202826,	4.5152,	0.0000,	0,	0,	-61.7977,	7921.0000,	7654.00,	0,	3718,	5.10,	-0.01,	-0.02,	1.00,	43.24,	-0.50,	-1.61,	-1.16,	0.55,	25.33,	
1203475,	4.6927,	0.0000,	1202889,	1203474,	4.4390,	0.0000,	0,	0,	-61.7977,	7921.0000,	7631.00,	0,	3718,	5.10,	-0.00,	-0.01,	1.00,	43.08,	-0.47,	-1.97,	-0.34,	0.17,	25.28,	
1204123,	3.2364,	0.0000,	1203537,	1204122,	4.5383,	0.0000,	0,	0,	-61.7977,	7921.0000,	7721.00,	0,	3718,	5.10,	-0.01,	-0.01,	1.00,	43.37,	-0.74,	-1.68,	-0.63,	0.77,	25.24,	
1204771,	5.4533,	5.5000,	1204186,	1204770,	4.0286,	0.0000,	0,	0,	-61.7977,	7921.0000,	7584.00,	0,	3718,	5.10,	-0.00,	-0.01,	1.00,	43.12,	-0.53,	-1.59,	-0.31,	0.15,	25.28,	
1205420,	2.3140,	0.0000,	1204834,	1205419,	4.5864,	0.0000,	0,	0,	-61.7977,	7921.0000,	7778.00,	0,	3718,	5.10,	-0.01,	-0.01,	1.00,	43.21,	-0.45,	-1.62,	-0.60,	0.64,	25.33,	
1206068,	4.9355,	0.0000,	1205482,	1206067,	3.6967,	0.0000,	0,	0,	-61.7977,	7921.0000,	7616.00,	0,	3718,	5.10,	-0.01,	-0.01,	1.00,	42.92,	-0.73,	-1.89,	-0.60,	0.57,	25.19,	
1206716,	5.0811,	5.0000,	1206130,	1206715,	4.1817,	0.0000,	0,	0,	-61.7977,	7921.0000,	7607.00,	0,	3718,	5.10,	-0.01,	-0.01,	1.00,	43.31,	-0.59,	-1.77,	-0.81,	0.71,	25.24,	
1207364,	3.3011,	0.0000,	1206778,	1207363,	4.5338,	0.0000,	0,	0,	-61.7977,	7921.0000,	7717.00,	0,	3718,	5.10,	-0.00,	-0.01,	1.00,	43.05,	-0.63,	-1.88,	-0.48,	0.25,	25.19,	
1208012,	6.6507,	6.5000,	1207427,	1208011,	4.0512,	0.0000,	0,	0,	-61.7977,	7921.0000,	7510.00,	0,	3718,	5.10,	-0.02,	-0.01,	0.99,	43.20,	-0.68,	-1.80,	-0.63,	0.90,	25.24,	
1208660,	1.8609,	0.0000,	1208075,	1208659,	5.0689,	5.0000,	0,	0,	-61.7977,	7921.0000,	7806.00,	0,	3718,	5.10,	-0.01,	-0.01,	1.00,	43.23,	-0.59,	-1.82,	-0.42,	0.80,	25.28,	
1209309,	5.2429,	5.0000,	1208723,	1209308,	3.8130,	0.0000,	0,	0,	-61.7977,	7921.0000,	7597.00,	0,	3718,	5.10,	-0.01,	-0.00,	1.00,	43.09,	-0.54,	-1.53,	-0.25,	0.66,	25.33,	
1209957,	7.6864,	7.5000,	1209371,	1209956,	4.3728,	0.0000,	0,	0,	-61.7977,	7921.0000,	7446.00,	0,	3718,	5.10,	-0.01,	-0.00,	1.00,	43.25,	-0.84,	-1.74,	-0.14,	0.45,	25.33,	
1210605,	5.0002,	5.0000,	1210019,	1210604,	5.6701,	5.5000,	0,	0,	-61.7977,	7921.0000,	7612.00,	0,	3718,	5.10,	-0.01,	-0.00,	0.99,	43.14,	-0.49,	-1.81,	-0.24,	0.32,	25.28,	
1211253,	3.7056,	0.0000,	1210668,	1211252,	5.4078,	5.5000,	0,	0,	-61.7977,	7921.0000,	7692.00,	0,	3718,	5.10,	-0.01,	-0.01,	1.00,	43.18,	-0.66,	-1.76,	-0.57,	0.36,	25.19,	
1211901,	6.4404,	6.5000,	1211316,	1211900,	4.7414,	0.0000,	0,	0,	-61.7977,	7921.0000,	7523.00,	0,	3718,	5.10,	-0.01,	-0.01,	1.00,	43.10,	-0.65,	-1.61,	-0.44,	0.46,	25.19,	
1212550,	3.5600,	0.0000,	1211964,	1212549,	5.4066,	5.5000,	0,	0,	-61.7977,	7921.0000,	7701.00,	0,	3718,	5.10,	-0.01,	-0.01,	1.00,	43.24,	-0.61,	-1.88,	-0.46,	0.64,	25.33,	
1213198,	4.3691,	0.0000,	1212612,	1213197,	4.6836,	0.0000,	0,	0,	-61.7977,	7921.0000,	7651.00,	0,	3718,	5.10,	-0.02,	-0.00,	1.00,	43.08,	-0.63,	-1.73,	-0.13,	0.99,	25.19,	
1213846,	6.0035,	6.0000,	1213260,	1213845,	4.5605,	0.0000,	0,	0,	-61.7977,	7921.0000,	7550.00,	0,	3718,	5.10,	-0.01,	-0.01,	1.00,	43.21,	-0.52,	-1.64,	-0.63,	0.45,	25.19,	
1214494,	5.1135,	5.0000,	1213908,	1214492,	5.1254,	5.0000,	0,	0,	-61.7977,	7921.0000,	7605.00,	0,	3718,	5.10,	-0.01,	-0.02,	1.00,	43.21,	-0.56,	-1.60,	-0.88,	0.46,	25.19,	
1215142,	4.3205,	0.0000,	1214557,	1215140,	5.1207,	5.0000,	0,	0,	-61.7977,	7921.0000,	7654.00,	0,	3718,	5.10,	-0.01,	-0.02,	0.99,	43.18,	-0.74,	-1.72,	-0.97,	0.81,	25.24,	
1215791,	7.4275,	7.5000,	1215204,	1215789,	4.8075,	0.0000,	0,	0,	-61.7977,	7921.0000,	7462.00,	0,	3718,	5.10,	-0.01,	-0.00,	1.00,	43.27,	-0.74,	-1.81,	-0.24,	0.39,	25.19,	
1216439,	3.6571,	0.0000,	1215852,	1216437,	5.8332,	6.0000,	0,	0,	-61.7977,	7921.0000,	7695.00,	0,	3718,	5.10,	-0.01,	-0.01,	1.00,	43.21,	-0.58,	-1.92,	-0.39,	0.69,	25.19,	
1217087,	6.6184,	6.5000,	1216500,	1217085,	4.9812,	0.0000,	0,	0,	-61.7977,	7921.0000,	7512.00,	0,	3718,	5.10,	-0.01,	-0.01,	1.00,	43.29,	-0.56,	-1.71,	-0.46,	0.59,	25.19,	
1217735,	4.3367,	0.0000,	1217148,	1217733,	5.6222,	5.5000,	0,	0,	-61.7977,	7921.0000,	7653.00,	0,	3718,	5.10,	-0.00,	-0.01,	1.00,	43.25,	-0.79,	-1.82,	-0.41,	0.15,	25.24,	
1218382,	4.4338,	0.0000,	1217797,	1218381,	5.1189,	5.0000,	0,	0,	-61.7977,	7921.0000,	7647.00,	0,	3718,	5.10,	-0.01,	-0.02,	1.00,	43.07,	-0.79,	-1.88,	-0.88,	0.71,	25.19,	
1219031,	6.7640,	7.0000,	1218445,	1219030,	4.8507,	0.0000,	0,	0,	-61.7977,	7921.0000,	7503.00,	0,	3718,	5.10,	-0.01,	-0.01,	1.00,	43.31,	-0.47,	-1.90,	-0.46,	0.69,	25.19,	
1219679,	2.8480,	0.0000,	1219093,	1219678,	5.5998,	5.5000,	0,	0,	-61.7977,	7921.0000,	7745.00,	0,	3718,	5.10,	-0.01,	-0.01,	1.00,	43.24,	-0.58,	-1.72,	-0.53,	0.70,	25.19,	
1220327,	7.8158,	8.0000,	1219741,	1220326,	4.5225,	0.0000,	0,	0,	-61.7977,	7921.0000,	7438.00,	0,	3718,	5.10,	-0.01,	-0.02,	1.00,	42.91,	-0.62,	-1.91,	-1.01,	0.50,	25.28,	
1220975,	5.6313,	5.5000,	1220389,	1220974,	5.8118,	6.0000,	0,	0,	-61.7977,	7921.0000,	7573.00,	0,	3718,	5.10,	-0.00,	-0.01,	1.00,	43.18,	-0.50,	-1.76,	-0.41,	0.28,	25.19,	
1221623,	5.8416,	6.0000,	1221038,	1221622,	5.7411,	6.0000,	0,	0,	-61.7977,	7921.0000,	7560.00,	0,	3718,	5.10,	-0.01,	-0.01,	0.99,	43.28,	-0.66,	-1.76,	-0.69,	0.69,	25.28,	
1222272,	3.3335,	0.0000,	1221686,	1222270,	5.7805,	6.0000,	0,	0,	-61.7977,	7921.0000,	7715.00,	0,	3718,	5.10,	-0.01,	-0.01,	1.00,	43.18,	-0.40,	-1.80,	-0.77,	0.52,	25.24,	
1222920,	4.8545,	0.0000,	1222334,	1222919,	4.8225,	0.0000,	0,	0,	-61.7977,	7921.0000,	7621.00,	0,	3718,	5.10,	-0.01,	-0.01,	0.99,	43.02,	-0.75,	-1.86,	-0.55,	0.75,	25.24,	
1223568,	6.0358,	6.0000,	1222982,	1223567,	4.8350,	0.0000,	0,	0,	-61.7977,	7921.0000,	7548.00,	0,	3718,	5.10,	-0.01,	-0.01,	1.00,	43.25,	-0.53,	-1.75,	-0.71,	0.36,	25.28,	
1224216,	4.0293,	0.0000,	1223630,	1224215,	5.3051,	5.0000,	0,	0,	-61.7977,	7921.0000,	7672.00,	0,	3718,	5.10,	-0.00,	-0.01,	1.00,	43.24,	-0.60,	-1.74,	-0.46,	0.03,	25.28,	
1224864,	5.4047,	5.5000,	1224279,	1224863,	4.8056,	0.0000,	0,	0,	-61.7977,	7921.0000,	7587.00,	0,	3718,	5.10,	-0.00,	-0.00,	1.00,	43.27,	-0.81,	-1.82,	-0.13,	0.18,	25.28,	
1225512,	3.9484,	0.0000,	1224927,	1225511,	5.0402,	5.0000,	0,	0,	-61.7977,	7921.0000,	7677.00,	0,	3718,	5.10,	-0.01,	-0.01,	1.00,	43.37,	-0.59,	-1.92,	-0.52,	0.43,	25.24,	
1226161,	4.4985,	0.0000,	1225575,	1226160,	4.6127,	0.0000,	0,	0,	-61.7977,	7921.0000,	7643.00,	0,	3718,	5.10,	-0.00,	-0.01,	1.00,	43.29,	-0.60,	-1.67,	-0.75,	0.15,	25.28,	
1226809,	8.4307,	8.5000,	1226223,	1226808,	4.5680,	0.0000,	0,	0,	-61.7977,	7921.0000,	7400.00,	0,	3718,	5.10,	-0.00,	-0.00,	1.00,	43.36,	-0.68,	-1.71,	-0.21,	0.27,	25.28,	
1227457,	5.5827,	5.5000,	1226871,	1227456,	6.0803,	6.0000,	0,	0,	-61.7977,	7921.0000,	7576.00,	0,	3718,	5.10,	-0.02,	-0.01,	1.00,	42.98,	-0.67,	-1.62,	-0.39,	1.05,	25.14,	
1228105,	3.7542,	0.0000,	1227520,	1228104,	5.8855,	6.0000,	0,	0,	-61.7977,	7921.0000,	7689.00,	0,	3718,	5.10,	-0.02,	-0.02,	1.00,	42.94,	-0.68,	-1.69,	-0.90,	0.87,	25.14,	
1228753,	5.0325,	5.0000,	1228168,	1228752,	5.0511,	5.0000,	0,	0,	-61.7977,	7921.0000,	7610.00,	0,	3718,	5.10,	-0.01,	-0.01,	0.99,	43.15,	-0.59,	-1.75,	-0.82,	0.39,	25.24,	
1229402,	6.6022,	6.5000,	1228816,	1229401,	5.0438,	5.0000,	0,	0,	-61.7977,	7921.0000,	7513.00,	0,	3718,	5.10,	-0.01,	-0.01,	1.00,	43.22,	-0.78,	-1.79,	-0.46,	0.44,	25.24,	
1230051,	5.6636,	5.5000,	1229464,	1230049,	5.6539,	5.5000,	0,	0,	-61.7977,	7921.0000,	7571.00,	0,	3718,	5.10,	-0.01,	-0.01,	1.00,	43.08,	-0.51,	-1.69,	-0.62,	0.36,	25.24,	
1230699,	9.5796,	9.5000,	1230112,	1230697,	5.6577,	5.5000,	0,	0,	-61.7977,	7921.0000,	7329.00,	0,	3718,	5.10,	-0.00,	-0.01,	1.00,	43.09,	-0.64,	-1.73,	-0.77,	0.20,	25.24,	
1231347,	4.4015,	0.0000,	1230760,	1231345,	4.4015,	0.0000,	1,	0,	-61.7977,	7921.0000,	7649.00,	0,	3718,	5.10,	-0.01,	-0.01,	0.99,	43.26,	-0.79,	-1.89,	-0.55,	0.38,	25.19,	
1231995,	5.4371,	5.5000,	1231409,	1231993,	4.4015,	0.0000,	0,	0,	-61.7977,	7921.0000,	7585.00,	0,	3718,	5.10,	-0.01,	-0.01,	0.99,	43.02,	-0.61,	-1.73,	-0.69,	0.51,	25.24,	
1232644,	2.5729,	0.0000,	1232057,	1232642,	4.8069,	0.0000,	0,	0,	-61.7977,	7921.0000,	7762.00,	0,	3718,	5.10,	-0.01,	-0.01,	1.00,	43.44,	-0.54,	-1.78,	-0.38,	0.39,	25.05,	
1233292,	2.7509,	0.0000,	1232705,	1233291,	3.9323,	0.0000,	0,	0,	-61.7977,	7921.0000,	7751.00,	0,	3718,	5.10,	-0.01,	-0.02,	1.00,	43.05,	-0.62,	-1.75,	-0.94,	0.32,	25.19,	
1233940,	3.8998,	0.0000,	1233354,	1233939,	3.4698,	0.0000,	0,	0,	-61.7977,	7921.0000,	7680.00,	0,	3718,	5.10,	-0.01,	-0.01,	1.00,	43.00,	-0.56,	-1.71,	-0.64,	0.42,	25.24,	
1234588,	2.4273,	0.0000,	1234002,	1234587,	3.6381,	0.0000,	0,	0,	-61.7977,	7921.0000,	7771.00,	0,	3718,	5.10,	-0.00,	-0.01,	1.00,	43.47,	-0.82,	-1.65,	-0.55,	0.27,	25.28,	
1235236,	4.5956,	0.0000,	1234651,	1235235,	3.1641,	0.0000,	0,	0,	-61.7977,	7921.0000,	7637.00,	0,	3718,	5.07,	-0.00,	-0.02,	1.00,	43.24,	-0.59,	-1.76,	-0.90,	0.13,	25.19,	
1235885,	2.4435,	0.0000,	1235299,	1235884,	3.7245,	0.0000,	0,	0,	-61.7977,	7921.0000,	7770.00,	0,	3718,	5.10,	-0.01,	-0.01,	1.00,	43.13,	-0.64,	-1.83,	-0.46,	0.60,	25.19,	
1236533,	4.6604,	0.0000,	1235947,	1236532,	3.2230,	0.0000,	0,	0,	-61.7977,	7921.0000,	7633.00,	0,	3718,	5.10,	-0.01,	-0.01,	1.00,	43.21,	-0.41,	-1.94,	-0.74,	0.31,	25.28,	
1237181,	4.0293,	0.0000,	1236595,	1237180,	3.7857,	0.0000,	0,	0,	-61.7977,	7921.0000,	7672.00,	0,	3718,	5.10,	-0.01,	-0.01,	1.00,	43.17,	-0.45,	-1.64,	-0.70,	0.65,	25.19,	
1237829,	7.1038,	7.0000,	1237243,	1237828,	3.8811,	0.0000,	0,	0,	-61.7977,	7921.0000,	7482.00,	0,	3718,	5.07,	-0.01,	-0.00,	1.00,	43.14,	-0.53,	-1.73,	-0.27,	0.49,	25.28,	
1238477,	7.1524,	7.0000,	1237892,	1238476,	5.1428,	5.0000,	0,	0,	-61.7977,	7921.0000,	7479.00,	0,	3718,	5.10,	-0.00,	-0.02,	1.00,	43.21,	-0.53,	-1.75,	-1.05,	0.22,	25.19,	
1239126,	8.8838,	9.0000,	1238540,	1239124,	5.9295,	6.0000,	0,	0,	-61.7977,	7921.0000,	7372.00,	0,	3718,	5.10,	-0.01,	-0.01,	1.00,	43.18,	-0.69,	-1.76,	-0.42,	0.38,	25.24,	
1239774,	5.4209,	5.5000,	1239188,	1239773,	7.0861,	7.0000,	0,	0,	-61.7977,	7921.0000,	7586.00,	0,	3718,	5.10,	-0.01,	-0.01,	1.00,	43.32,	-0.62,	-1.76,	-0.46,	0.55,	25.28,	
1240422,	5.1620,	5.0000,	1239836,	1240421,	6.4342,	6.5000,	0,	0,	-61.7977,	7921.0000,	7602.00,	0,	3718,	5.10,	-0.01,	-0.01,	1.00,	43.10,	-0.67,	-1.76,	-0.39,	0.57,	25.19,	
1241070,	2.7347,	0.0000,	1240484,	1241069,	5.9361,	6.0000,	0,	0,	-61.7977,	7921.0000,	7752.00,	0,	3718,	5.10,	-0.00,	-0.01,	1.00,	43.27,	-0.49,	-1.88,	-0.67,	0.20,	25.28,	
1241718,	3.9322,	0.0000,	1241133,	1241717,	4.6828,	0.0000,	0,	0,	-61.7977,	7921.0000,	7678.00,	0,	3718,	5.10,	-0.02,	-0.01,	1.00,	43.24,	-0.85,	-1.76,	-0.52,	1.02,	25.19,	
1242366,	2.7347,	0.0000,	1241781,	1242365,	4.3889,	0.0000,	0,	0,	-61.7977,	7921.0000,	7752.00,	0,	3718,	5.10,	-0.01,	-0.02,	1.00,	43.16,	-0.63,	-1.82,	-0.87,	0.61,	25.28,	
1243015,	5.7607,	6.0000,	1242429,	1243014,	3.7413,	0.0000,	0,	0,	-61.7977,	7921.0000,	7565.00,	0,	3718,	5.10,	-0.01,	-0.00,	1.00,	43.10,	-0.64,	-1.72,	-0.28,	0.44,	25.19,	
1243663,	6.2947,	6.0000,	1243077,	1243662,	4.5319,	0.0000,	0,	0,	-61.7977,	7921.0000,	7532.00,	0,	3718,	5.10,	-0.01,	-0.02,	1.00,	43.25,	-0.50,	-1.69,	-1.05,	0.45,	25.28,	
1244311,	5.9711,	6.0000,	1243725,	1244310,	5.2221,	5.0000,	0,	0,	-61.7977,	7921.0000,	7552.00,	0,	3718,	5.10,	-0.01,	-0.01,	1.00,	43.23,	-0.52,	-1.74,	-0.57,	0.46,	25.28,	
1244959,	4.2073,	0.0000,	1244374,	1244958,	5.5153,	5.5000,	0,	0,	-61.7977,	7921.0000,	7661.00,	0,	3718,	5.10,	-0.01,	-0.01,	1.00,	43.26,	-0.73,	-1.83,	-0.71,	0.59,	25.28,	
1245607,	3.6247,	0.0000,	1245022,	1245606,	5.0032,	5.0000,	0,	0,	-61.7977,	7921.0000,	7697.00,	0,	3718,	5.10,	-0.02,	-0.01,	0.99,	43.19,	-0.53,	-1.74,	-0.76,	1.01,	25.14,	
1246256,	10.7447,	11.0000,	1245670,	1246255,	10.7447,	11.0000,	1,	0,	-61.7977,	7921.0000,	7257.00,	0,	3718,	5.10,	-0.01,	-0.01,	1.00,	43.06,	-0.43,	-1.77,	-0.67,	0.29,	25.28,	
1246904,	4.8545,	0.0000,	1246319,	1246903,	4.8545,	0.0000,	1,	0,	-61.7977,	7921.0000,	7621.00,	0,	3718,	5.10,	-0.01,	-0.01,	1.00,	43.06,	-0.48,	-1.59,	-0.63,	0.41,	25.19,	
1247552,	0.8738,	0.0000,	1246966,	1247551,	4.8545,	0.0000,	0,	0,	-61.7977,	7921.0000,	7867.00,	0,	3718,	5.10,	-0.01,	-0.01,	1.00,	43.27,	-0.69,	-1.60,	-0.53,	0.32,	25.28,	
1248201,	3.1555,	0.0000,	1247614,	1248199,	3.2961,	0.0000,	0,	0,	-61.7977,	7921.0000,	7726.00,	0,	3718,	5.10,	-0.01,	-0.01,	1.00,	43.24,	-0.90,	-1.76,	-0.38,	0.43,	25.19,	
1248849,	3.6571,	0.0000,	1248263,	1248847,	3.2410,	0.0000,	0,	0,	-61.7977,	7921.0000,	7695.00,	0,	3718,	5.10,	-0.01,	-0.01,	1.00,	43.37,	-0.57,	-1.86,	-0.63,	0.60,	25.24,	
1249498,	5.7284,	6.0000,	1248911,	1249496,	3.4039,	0.0000,	0,	0,	-61.7977,	7921.0000,	7567.00,	0,	3718,	5.10,	-0.01,	-0.01,	1.00,	43.02,	-0.51,	-1.80,	-0.80,	0.46,	25.19,	
1250146,	5.7769,	6.0000,	1249559,	1250144,	4.3139,	0.0000,	0,	0,	-61.7977,	7921.0000,	7564.00,	0,	3718,	5.10,	-0.01,	-0.01,	1.00,	43.20,	-0.50,	-1.74,	-0.82,	0.85,	25.28,	
1250794,	6.7316,	7.0000,	1250207,	1250792,	4.8867,	0.0000,	0,	0,	-61.7977,	7921.0000,	7505.00,	0,	3718,	5.10,	-0.01,	-0.01,	1.00,	43.18,	-0.76,	-1.79,	-0.63,	0.62,	25.24,	
1251442,	3.9322,	0.0000,	1250855,	1251440,	5.6090,	5.5000,	0,	0,	-61.7977,	7921.0000,	7678.00,	0,	3718,	5.10,	-0.00,	-0.02,	0.99,	43.40,	-0.69,	-1.56,	-1.00,	0.18,	25.24,	
1252090,	5.4047,	5.5000,	1251504,	1252088,	4.9525,	0.0000,	0,	0,	-61.7977,	7921.0000,	7587.00,	0,	3718,	5.10,	-0.01,	-0.02,	1.00,	43.37,	-0.82,	-1.76,	-1.06,	0.60,	25.19,	
1252739,	3.2525,	0.0000,	1252152,	1252737,	5.1296,	5.0000,	0,	0,	-61.7977,	7921.0000,	7720.00,	0,	3718,	5.10,	-0.01,	-0.01,	1.00,	43.16,	-0.73,	-1.65,	-0.43,	0.54,	25.19,	
1253387,	2.9936,	0.0000,	1252803,	1253385,	4.3947,	0.0000,	0,	0,	-61.7977,	7921.0000,	7736.00,	0,	3718,	5.10,	-0.02,	-0.01,	1.00,	43.11,	-0.51,	-1.72,	-0.52,	0.92,	25.19,	
1254035,	5.5342,	5.5000,	1253448,	1254033,	3.8462,	0.0000,	0,	0,	-61.7977,	7921.0000,	7579.00,	0,	3718,	5.10,	-0.00,	-0.01,	1.00,	43.30,	-0.73,	-1.84,	-0.34,	0.28,	25.19,	
1254683,	6.5536,	6.5000,	1254096,	1254681,	4.5070,	0.0000,	0,	0,	-61.7977,	7921.0000,	7516.00,	0,	3718,	5.10,	-0.01,	-0.01,	1.00,	43.23,	-0.46,	-1.80,	-0.57,	0.47,	25.19,	
1255331,	5.5989,	5.5000,	1254745,	1255329,	5.3083,	5.0000,	0,	0,	-61.7977,	7921.0000,	7575.00,	0,	3718,	5.10,	-0.01,	-0.01,	1.00,	43.30,	-0.56,	-1.87,	-0.77,	0.52,	25.24,	
1255979,	4.2720,	0.0000,	1255393,	1255977,	5.4221,	5.5000,	0,	0,	-61.7977,	7921.0000,	7657.00,	0,	3718,	5.07,	-0.01,	-0.01,	1.00,	43.13,	-0.67,	-1.67,	-0.55,	0.76,	25.19,	
1256627,	5.9711,	6.0000,	1256041,	1256626,	4.9718,	0.0000,	0,	0,	-61.7977,	7921.0000,	7552.00,	0,	3718,	5.10,	-0.01,	-0.01,	1.00,	43.26,	-0.61,	-1.68,	-0.64,	0.76,	25.28,	
1257275,	6.2947,	6.0000,	1256689,	1257274,	5.3630,	5.0000,	0,	0,	-61.7977,	7921.0000,	7532.00,	0,	3718,	5.10,	-0.01,	-0.01,	1.00,	43.25,	-0.56,	-1.70,	-0.42,	0.60,	25.14,	
1257923,	4.6118,	0.0000,	1257337,	1257922,	5.7278,	6.0000,	0,	0,	-61.7977,	7921.0000,	7636.00,	0,	3718,	5.10,	-0.01,	-0.00,	1.00,	43.08,	-0.66,	-1.75,	-0.20,	0.36,	25.24,	
1258571,	6.0844,	6.0000,	1257986,	1258570,	5.2909,	5.0000,	0,	0,	-61.7977,	7921.0000,	7545.00,	0,	3718,	5.10,	-0.01,	-0.01,	1.00,	43.37,	-0.56,	-1.82,	-0.52,	0.69,	25.28,	
1259219,	4.3044,	0.0000,	1258634,	1259218,	5.6015,	5.5000,	0,	0,	-61.7977,	7921.0000,	7655.00,	0,	3718,	5.10,	-0.00,	-0.01,	1.00,	43.42,	-0.73,	-1.74,	-0.38,	0.22,	25.24,	
1259868,	6.0035,	6.0000,	1259282,	1259867,	5.0937,	5.0000,	0,	0,	-61.7977,	7921.0000,	7550.00,	0,	3718,	5.10,	-0.01,	-0.01,	1.00,	43.08,	-0.49,	-1.85,	-0.67,	0.63,	25.28,	
1260516,	4.8869,	0.0000,	1259930,	1260515,	5.4499,	5.5000,	0,	0,	-61.7977,	7921.0000,	7619.00,	0,	3718,	5.10,	-0.01,	-0.01,	1.00,	43.33,	-0.50,	-1.77,	-0.59,	0.41,	25.14,	
1261164,	3.1393,	0.0000,	1260578,	1261163,	5.2295,	5.0000,	0,	0,	-61.7977,	7921.0000,	7727.00,	0,	3718,	5.10,	-0.01,	-0.01,	1.00,	43.14,	-0.63,	-1.73,	-0.62,	0.31,	25.09,	
1261812,	2.3464,	0.0000,	1261227,	1261811,	4.4112,	0.0000,	0,	0,	-61.7977,	7921.0000,	7776.00,	0,	3718,	5.10,	-0.01,	-0.01,	1.00,	43.27,	-0.70,	-1.79,	-0.43,	0.53,	25.24,	
1262460,	7.0229,	7.0000,	1261875,	1262459,	3.6028,	0.0000,	0,	0,	-61.7977,	7921.0000,	7487.00,	0,	3718,	5.10,	-0.01,	-0.01,	0.99,	43.26,	-0.78,	-1.77,	-0.52,	0.53,	25.24,	
1263109,	3.6733,	0.0000,	1262523,	1263108,	4.9418,	0.0000,	0,	0,	-61.7977,	7921.0000,	7694.00,	0,	3718,	5.10,	-0.00,	-0.01,	0.99,	43.10,	-0.66,	-1.79,	-0.44,	0.28,	25.14,	
1263757,	5.1782,	5.0000,	1263171,	1263756,	4.4452,	0.0000,	0,	0,	-61.7977,	7921.0000,	7601.00,	0,	3718,	5.10,	-0.01,	-0.01,	1.00,	43.24,	-0.46,	-1.72,	-0.84,	0.50,	25.14,	
1264405,	3.3820,	0.0000,	1263819,	1264404,	4.7321,	0.0000,	0,	0,	-61.7977,	7921.0000,	7712.00,	0,	3718,	5.10,	-0.01,	-0.01,	1.00,	42.99,	-0.40,	-1.89,	-0.83,	0.69,	25.19,	
1265053,	3.6085,	0.0000,	1264467,	1265052,	4.2036,	0.0000,	0,	0,	-61.7977,	7921.0000,	7698.00,	0,	3718,	5.10,	-0.00,	-0.02,	1.00,	43.14,	-0.59,	-1.68,	-0.98,	0.21,	25.19,	
1265701,	2.6215,	0.0000,	1265116,	1265700,	3.9706,	0.0000,	0,	0,	-61.7977,	7921.0000,	7759.00,	0,	3718,	5.10,	-0.01,	-0.00,	1.00,	43.05,	-0.83,	-1.77,	-0.24,	0.57,	25.24,	
1266350,	3.1069,	0.0000,	1265764,	1266349,	3.4424,	0.0000,	0,	0,	-61.7977,	7921.0000,	7729.00,	0,	3718,	5.10,	-0.01,	-0.01,	1.00,	43.21,	-0.63,	-1.77,	-0.52,	0.56,	25.14,	
1266998,	3.0907,	0.0000,	1266412,	1266997,	3.3111,	0.0000,	0,	0,	-61.7977,	7921.0000,	7730.00,	0,	3718,	5.10,	-0.01,	-0.01,	1.00,	43.28,	-0.50,	-1.79,	-0.68,	0.43,	25.28,	
1267646,	6.6831,	6.5000,	1267060,	1267645,	3.2248,	0.0000,	0,	0,	-61.7977,	7921.0000,	7508.00,	0,	3718,	5.10,	-0.01,	-0.01,	1.00,	43.07,	-0.49,	-1.86,	-0.56,	0.36,	25.24,	
1268294,	6.2786,	6.0000,	1267708,	1268293,	4.5787,	0.0000,	0,	0,	-61.7977,	7921.0000,	7533.00,	0,	3718,	5.10,	-0.01,	-0.02,	1.00,	43.12,	-0.78,	-1.65,	-0.90,	0.63,	25.24,	
1268942,	0.0324,	0.0000,	1268357,	1268941,	0.0324,	0.0000,	1,	0,	-61.7977,	7921.0000,	7919.00,	0,	3718,	5.10,	-0.01,	-0.01,	1.00,	43.32,	-0.68,	-1.84,	-0.77,	0.45,	25.19,	
1269591,	2.7024,	0.0000,	1269005,	1269590,	0.0324,	0.0000,	0,	0,	-61.7977,	7921.0000,	7754.00,	0,	3718,	5.10,	-0.01,	-0.01,	1.00,	43.24,	-0.80,	-1.85,	-0.43,	0.36,	25.19,	
1270239,	5.4047,	5.5000,	1269653,	1270238,	1.0777,	0.0000,	0,	0,	-61.7977,	7921.0000,	7587.00,	0,	3718,	5.10,	-0.01,	-0.01,	1.00,	43.06,	-0.85,	-1.79,	-0.55,	0.39,	25.28,	
1270887,	4.2558,	0.0000,	1270301,	1270886,	2.7717,	0.0000,	0,	0,	-61.7977,	7921.0000,	7658.00,	0,	3718,	5.10,	-0.01,	-0.01,	0.99,	42.97,	-0.70,	-1.69,	-0.53,	0.77,	25.14,	
1271535,	6.0682,	6.0000,	1270949,	1271534,	3.3527,	0.0000,	0,	0,	-61.7977,	7921.0000,	7546.00,	0,	3718,	5.10,	-0.01,	-0.01,	1.00,	43.03,	-0.75,	-1.82,	-0.79,	0.42,	25.19,	
1272183,	5.7931,	6.0000,	1271598,	1272182,	4.4158,	0.0000,	0,	0,	-61.7977,	7921.0000,	7563.00,	0,	3718,	5.10,	-0.01,	-0.01,	1.00,	43.33,	-0.85,	-1.89,	-0.61,	0.39,	25.19,	
1272832,	6.0035,	6.0000,	1272246,	1272830,	4.9550,	0.0000,	0,	0,	-61.7977,	7921.0000,	7550.00,	0,	3718,	5.10,	-0.01,	-0.01,	1.00,	43.20,	-0.68,	-1.72,	-0.46,	0.34,	25.24,	
1273480,	3.0260,	0.0000,	1272894,	1273479,	5.3655,	5.0000,	0,	0,	-61.7977,	7921.0000,	7734.00,	0,	3718,	5.10,	-0.01,	-0.01,	1.00,	42.98,	-0.76,	-1.66,	-0.38,	0.48,	25.09,	
1274128,	4.3691,	0.0000,	1273542,	1274127,	4.4496,	0.0000,	0,	0,	-61.7977,	7921.0000,	7651.00,	0,	3718,	5.10,	-0.01,	-0.01,	1.00,	43.08,	-0.56,	-1.74,	-0.35,	0.34,	25.24,	
1274776,	1.3431,	0.0000,	1274190,	1274775,	4.4181,	0.0000,	0,	0,	-61.7977,	7921.0000,	7838.00,	0,	3718,	5.10,	-0.01,	-0.01,	1.01,	43.25,	-0.42,	-1.60,	-0.54,	0.70,	25.19,	
1275425,	4.6765,	0.0000,	1274839,	1275423,	3.2142,	0.0000,	0,	0,	-61.7977,	7921.0000,	7632.00,	0,	3718,	5.10,	-0.01,	-0.01,	1.00,	43.05,	-0.69,	-1.81,	-0.42,	0.61,	25.19,	
1276073,	5.3562,	5.0000,	1275487,	1276071,	3.7867,	0.0000,	0,	0,	-61.7977,	7921.0000,	7590.00,	0,	3718,	5.10,	-0.01,	-0.01,	1.00,	43.50,	-0.65,	-1.72,	-0.51,	0.41,	25.24,	
1276722,	3.6571,	0.0000,	1276135,	1276720,	4.4012,	0.0000,	0,	0,	-61.7977,	7921.0000,	7695.00,	0,	3718,	5.10,	-0.01,	-0.01,	1.00,	43.10,	-0.60,	-1.65,	-0.81,	0.39,	25.19,	
1277370,	8.2042,	8.0000,	1276783,	1277368,	4.1099,	0.0000,	0,	0,	-61.7977,	7921.0000,	7414.00,	0,	3718,	5.10,	-0.01,	-0.00,	1.00,	43.05,	-0.52,	-1.89,	-0.22,	0.60,	25.24,	
1278018,	3.2525,	0.0000,	1277431,	1278016,	5.7128,	6.0000,	0,	0,	-61.7977,	7921.0000,	7720.00,	0,	3718,	5.10,	-0.02,	-0.01,	1.00,	43.02,	-0.59,	-1.73,	-0.71,	0.92,	25.28,	
1278666,	7.3466,	7.0000,	1278081,	1278664,	4.7496,	0.0000,	0,	0,	-61.7977,	7921.0000,	7467.00,	0,	3718,	5.10,	-0.00,	-0.01,	1.00,	43.17,	-0.73,	-1.63,	-0.80,	0.24,	25.14,	
1279314,	7.2333,	7.0000,	1278728,	1279313,	5.7663,	6.0000,	0,	0,	-61.7977,	7921.0000,	7474.00,	0,	3718,	5.10,	-0.01,	-0.01,	1.00,	43.25,	-0.51,	-1.63,	-0.66,	0.35,	25.19,	
1279963,	4.5309,	0.0000,	1279377,	1279962,	6.3406,	6.0000,	0,	0,	-61.7977,	7921.0000,	7641.00,	0,	3718,	5.10,	-0.01,	-0.01,	1.00,	43.19,	-0.60,	-1.77,	-0.73,	0.41,	25.19,	
1280611,	5.9873,	6.0000,	1280025,	1280610,	5.6321,	5.5000,	0,	0,	-61.7977,	7921.0000,	7551.00,	0,	3718,	5.10,	-0.01,	-0.01,	1.00,	43.11,	-0.53,	-1.88,	-0.69,	0.73,	25.19,	
1281259,	4.3044,	0.0000,	1280673,	1281258,	5.7712,	6.0000,	0,	0,	-61.7977,	7921.0000,	7655.00,	0,	3718,	5.10,	-0.00,	-0.01,	1.00,	43.40,	-0.76,	-1.76,	-0.83,	0.20,	25.19,	
1281907,	5.9226,	6.0000,	1281321,	1281906,	5.1969,	5.0000,	0,	0,	-61.7977,	7921.0000,	7555.00,	0,	3718,	5.10,	-0.00,	-0.01,	1.00,	43.08,	-0.71,	-1.91,	-0.70,	0.04,	25.14,	
1282555,	3.4629,	0.0000,	1281970,	1282554,	5.4810,	5.5000,	0,	0,	-61.7977,	7921.0000,	7707.00,	0,	3718,	5.10,	-0.00,	0.00,	0.99,	43.27,	-0.53,	-1.73,	0.27,	0.27,	25.19,	
1283204,	7.3466,	7.0000,	1282618,	1283203,	4.6909,	0.0000,	0,	0,	-61.7977,	7921.0000,	7467.00,	0,	3718,	5.10,	-0.01,	-0.01,	1.00,	42.95,	-0.84,	-1.69,	-0.70,	0.69,	25.19,	
1283852,	6.9582,	7.0000,	1283266,	1283851,	5.7306,	6.0000,	0,	0,	-61.7977,	7921.0000,	7491.00,	0,	3718,	5.10,	-0.01,	-0.01,	1.00,	43.09,	-0.65,	-1.63,	-0.48,	0.70,	25.09,	
1284500,	6.0520,	6.0000,	1283914,	1284499,	6.2112,	6.0000,	0,	0,	-61.7977,	7921.0000,	7547.00,	0,	3718,	5.10,	-0.01,	-0.00,	1.00,	43.32,	-0.68,	-1.67,	-0.15,	0.50,	25.14,	
1285148,	3.8027,	0.0000,	1284562,	1285147,	6.1489,	6.0000,	0,	0,	-61.7977,	7921.0000,	7686.00,	0,	3718,	5.10,	-0.01,	-0.01,	1.00,	43.52,	-0.62,	-1.86,	-0.35,	0.74,	25.19,	
1285796,	3.7865,	0.0000,	1285211,	1285795,	5.2304,	5.0000,	0,	0,	-61.7977,	7921.0000,	7687.00,	0,	3718,	5.10,	-0.00,	-0.01,	1.00,	43.05,	-0.72,	-1.72,	-0.69,	0.20,	25.19,	
1286445,	4.9516,	0.0000,	1285859,	1286444,	4.6651,	0.0000,	0,	0,	-61.7977,	7921.0000,	7615.00,	0,	3718,	5.10,	-0.00,	-0.01,	1.00,	43.05,	-0.44,	-1.66,	-0.59,	0.20,	25.24,	
1287093,	7.0067,	7.0000,	1286507,	1287092,	4.7773,	0.0000,	0,	0,	-61.7977,	7921.0000,	7488.00,	0,	3718,	5.10,	-0.00,	-0.01,	1.00,	43.16,	-0.73,	-1.60,	-0.52,	0.24,	25.14,	
1287741,	5.7607,	6.0000,	1287155,	1287740,	5.6501,	5.5000,	0,	0,	-61.7977,	7921.0000,	7565.00,	0,	3718,	5.10,	-0.01,	-0.02,	1.00,	43.07,	-0.65,	-1.61,	-0.86,	0.56,	25.28,	
1288389,	4.2396,	0.0000,	1287803,	1288388,	5.6934,	5.5000,	0,	0,	-61.7977,	7921.0000,	7659.00,	0,	3718,	5.10,	-0.02,	-0.01,	1.00,	43.31,	-0.54,	-1.85,	-0.56,	0.88,	25.24,	
1289037,	3.4467,	0.0000,	1288452,	1289036,	5.1243,	5.0000,	0,	0,	-61.7977,	7921.0000,	7708.00,	0,	3718,	5.10,	-0.01,	-0.01,	1.00,	43.05,	-0.76,	-1.68,	-0.83,	0.46,	25.24,	
1289686,	3.6085,	0.0000,	1289100,	1289684,	4.4675,	0.0000,	0,	0,	-61.7977,	7921.0000,	7698.00,	0,	3718,	5.10,	-0.01,	-0.00,	1.00,	43.27,	-0.76,	-1.85,	-0.01,	0.36,	25.24,	
1290334,	4.7575,	0.0000,	1289748,	1290333,	4.1312,	0.0000,	0,	0,	-61.7977,	7921.0000,	7627.00,	0,	3718,	5.10,	-0.01,	-0.01,	1.00,	43.19,	-0.70,	-1.84,	-0.59,	0.60,	25.19,	
1290982,	2.1684,	0.0000,	1290396,	1290981,	4.3764,	0.0000,	0,	0,	-61.7977,	7921.0000,	7787.00,	0,	3718,	5.10,	-0.01,	-0.01,	1.00,	43.18,	-0.70,	-1.82,	-0.66,	0.29,	25.24,	
1291630,	1.5211,	0.0000,	1291044,	1291629,	3.5120,	0.0000,	0,	0,	-61.7977,	7921.0000,	7827.00,	0,	3718,	5.10,	-0.00,	-0.01,	1.00,	43.17,	-0.76,	-1.82,	-0.75,	0.28,	25.19,	
1292278,	3.9969,	0.0000,	1291693,	1292277,	2.7325,	0.0000,	0,	0,	-61.7977,	7921.0000,	7674.00,	0,	3718,	5.10,	-0.02,	-0.01,	0.99,	42.87,	-0.95,	-1.78,	-0.59,	0.89,	25.19,	
1292926,	2.1522,	0.0000,	1292341,	1292925,	3.2275,	0.0000,	0,	0,	-61.7977,	7921.0000,	7788.00,	0,	3718,	5.10,	-0.01,	-0.02,	1.00,	42.95,	-0.49,	-1.55,	-1.21,	0.55,	25.14,	
