1539572,	-15.8420,	0.0000,	1539031,	1539572,	-12.0878,	0.0000,	0,	0,	-61.7977,	6200.0000,	7179.00,	0,	3716,	5.07,	
1540218,	-14.8549,	0.0000,	1539678,	1540218,	-13.5576,	0.0000,	0,	0,	-61.7977,	6200.0000,	7118.00,	0,	3716,	5.07,	
1540866,	-16.2789,	0.0000,	1540324,	1540866,	-14.0655,	0.0000,	0,	0,	-61.7977,	6200.0000,	7206.00,	0,	3716,	5.07,	
1541513,	-9.3207,	0.0000,	1540971,	1541513,	-9.3207,	0.0000,	1,	0,	-61.7977,	6200.0000,	6776.00,	0,	3716,	5.07,	
1542159,	-17.0395,	0.0000,	1541616,	1542159,	-17.0395,	0.0000,	1,	0,	-61.7977,	6200.0000,	7253.00,	0,	3716,	5.07,	
1542806,	-12.7675,	0.0000,	1542264,	1542806,	-17.0395,	0.0000,	0,	0,	-61.7977,	6200.0000,	6989.00,	0,	3716,	5.07,	
1543453,	-11.0198,	0.0000,	1542912,	1543453,	-15.3670,	0.0000,	0,	0,	-61.7977,	6200.0000,	6881.00,	0,	3716,	5.07,	
1544100,	-17.4926,	0.0000,	1543559,	1544100,	-17.4926,	0.0000,	1,	0,	-61.7977,	6200.0000,	7281.00,	0,	3716,	5.07,	
1544747,	-10.6800,	0.0000,	1544205,	1544747,	-10.6800,	0.0000,	1,	0,	-61.7977,	6200.0000,	6860.00,	0,	3716,	5.07,	
1545394,	-18.3178,	0.0000,	1544852,	1545394,	-18.3178,	0.0000,	1,	0,	-61.7977,	6200.0000,	7332.00,	0,	3716,	5.07,	
1546041,	-15.0167,	0.0000,	1545499,	1546041,	-18.3178,	0.0000,	0,	0,	-61.7977,	6200.0000,	7128.00,	0,	3716,	5.07,	
1546687,	-16.9747,	0.0000,	1546146,	1546687,	-17.0255,	0.0000,	0,	0,	-61.7977,	6200.0000,	7249.00,	0,	3716,	5.07,	
1547334,	-17.4764,	0.0000,	1546792,	1547334,	-17.0056,	0.0000,	0,	0,	-61.7977,	6200.0000,	7280.00,	0,	3716,	5.07,	
1547981,	-11.0360,	0.0000,	1547440,	1547981,	-11.0360,	0.0000,	1,	0,	-61.7977,	6200.0000,	6882.00,	0,	3716,	5.07,	
1548628,	-15.2271,	0.0000,	1548087,	1548627,	-11.0360,	0.0000,	0,	0,	-61.7977,	6200.0000,	7141.00,	0,	3716,	5.07,	
1549275,	-14.9844,	0.0000,	1548733,	1549275,	-12.6768,	0.0000,	0,	0,	-61.7977,	6200.0000,	7126.00,	0,	3716,	5.07,	
1549922,	-11.7642,	0.0000,	1549380,	1549922,	-13.5802,	0.0000,	0,	0,	-61.7977,	6200.0000,	6927.00,	0,	3716,	5.07,	
1550569,	-13.4956,	0.0000,	1550027,	1550569,	-12.8693,	0.0000,	0,	0,	-61.7977,	6200.0000,	7034.00,	0,	3716,	5.07,	
1551215,	-14.1753,	0.0000,	1550674,	1551215,	-13.1145,	0.0000,	0,	0,	-61.7977,	6200.0000,	7076.00,	0,	3716,	5.07,	
1551862,	-15.4536,	0.0000,	1551321,	1551862,	-13.5298,	0.0000,	0,	0,	-61.7977,	6200.0000,	7155.00,	0,	3716,	5.07,	
1552509,	-16.2304,	0.0000,	1551968,	1552509,	-14.2830,	0.0000,	0,	0,	-61.7977,	6200.0000,	7203.00,	0,	3716,	5.07,	
1553156,	-14.1753,	0.0000,	1552615,	1553156,	-15.0454,	0.0000,	0,	0,	-61.7977,	6200.0000,	7076.00,	0,	3716,	5.07,	
1553803,	-13.9973,	0.0000,	1553261,	1553803,	-14.7047,	0.0000,	0,	0,	-61.7977,	6200.0000,	7065.00,	0,	3716,	5.07,	
1554450,	-12.2982,	0.0000,	1553908,	1554450,	-14.4278,	0.0000,	0,	0,	-61.7977,	6200.0000,	6960.00,	0,	3716,	5.07,	
1555097,	-15.3727,	0.0000,	1554555,	1555097,	-13.5940,	0.0000,	0,	0,	-61.7977,	6200.0000,	7150.00,	0,	3716,	5.07,	
1555743,	-13.1558,	0.0000,	1555202,	1555743,	-14.2904,	0.0000,	0,	0,	-61.7977,	6200.0000,	7013.00,	0,	3716,	5.07,	
1556390,	-14.9520,	0.0000,	1555849,	1556390,	-13.8462,	0.0000,	0,	0,	-61.7977,	6200.0000,	7124.00,	0,	3716,	5.07,	
1557038,	-15.7287,	0.0000,	1556496,	1557038,	-14.2791,	0.0000,	0,	0,	-61.7977,	6200.0000,	7172.00,	0,	3716,	5.07,	
1557684,	-14.5636,	0.0000,	1557143,	1557684,	-14.8467,	0.0000,	0,	0,	-61.7977,	6200.0000,	7100.00,	0,	3716,	5.07,	
1558331,	-14.0944,	0.0000,	1557789,	1558331,	-14.7359,	0.0000,	0,	0,	-61.7977,	6200.0000,	7071.00,	0,	3716,	5.10,	
1558978,	-14.7902,	0.0000,	1558436,	1558978,	-14.4847,	0.0000,	0,	0,	-61.7977,	6200.0000,	7114.00,	0,	3716,	5.07,	
1559625,	-16.2304,	0.0000,	1559084,	1559624,	-14.6043,	0.0000,	0,	0,	-61.7977,	6200.0000,	7203.00,	0,	3716,	5.07,	
1560271,	-14.3533,	0.0000,	1559730,	1560271,	-15.2409,	0.0000,	0,	0,	-61.7977,	6200.0000,	7087.00,	0,	3716,	5.07,	
1560919,	-15.3080,	0.0000,	1560377,	1560919,	-14.8934,	0.0000,	0,	0,	-61.7977,	6200.0000,	7146.00,	0,	3716,	5.07,	
1561566,	-13.7869,	0.0000,	1561024,	1561566,	-15.0557,	0.0000,	0,	0,	-61.7977,	6200.0000,	7052.00,	0,	3716,	5.07,	
1562212,	-14.4342,	0.0000,	1561671,	1562212,	-14.5590,	0.0000,	0,	0,	-61.7977,	6200.0000,	7092.00,	0,	3716,	5.07,	
1562859,	-14.7740,	0.0000,	1562317,	1562859,	-14.5101,	0.0000,	0,	0,	-61.7977,	6200.0000,	7113.00,	0,	3716,	5.07,	
1563506,	-12.0716,	0.0000,	1562964,	1563506,	-14.6134,	0.0000,	0,	0,	-61.7977,	6200.0000,	6946.00,	0,	3716,	5.07,	
1564153,	-15.7773,	0.0000,	1563612,	1564153,	-13.6183,	0.0000,	0,	0,	-61.7977,	6200.0000,	7175.00,	0,	3716,	5.07,	
1564800,	-16.2142,	0.0000,	1564258,	1564800,	-14.4636,	0.0000,	0,	0,	-61.7977,	6200.0000,	7202.00,	0,	3716,	5.07,	
1565447,	-16.2627,	0.0000,	1564905,	1565447,	-15.1489,	0.0000,	0,	0,	-61.7977,	6200.0000,	7205.00,	0,	3716,	5.07,	
1566094,	-13.7222,	0.0000,	1565552,	1566094,	-15.5850,	0.0000,	0,	0,	-61.7977,	6200.0000,	7048.00,	0,	3716,	5.07,	
1566740,	-14.8873,	0.0000,	1566199,	1566740,	-14.8557,	0.0000,	0,	0,	-61.7977,	6200.0000,	7120.00,	0,	3716,	5.07,	
1567387,	-16.9262,	0.0000,	1566845,	1567387,	-14.8681,	0.0000,	0,	0,	-61.7977,	6200.0000,	7246.00,	0,	3716,	5.07,	
1568034,	-17.3307,	0.0000,	1567493,	1568034,	-15.6738,	0.0000,	0,	0,	-61.7977,	6200.0000,	7271.00,	0,	3716,	5.07,	
1568681,	-11.3596,	0.0000,	1568140,	1568681,	-11.3596,	0.0000,	1,	0,	-61.7977,	6200.0000,	6902.00,	0,	3716,	5.07,	
1569328,	-16.9586,	0.0000,	1568786,	1569328,	-16.9586,	0.0000,	1,	0,	-61.7977,	6200.0000,	7248.00,	0,	3716,	5.07,	
1569975,	-18.2855,	0.0000,	1569433,	1569975,	-16.9586,	0.0000,	0,	0,	-61.7977,	6200.0000,	7330.00,	0,	3716,	5.10,	
1570622,	-11.4567,	0.0000,	1570080,	1570622,	-11.4567,	0.0000,	1,	0,	-61.7977,	6200.0000,	6908.00,	0,	3716,	5.07,	
1571268,	-15.3080,	0.0000,	1570727,	1571268,	-11.4567,	0.0000,	0,	0,	-61.7977,	6200.0000,	7146.00,	0,	3716,	5.07,	
1571915,	-14.3371,	0.0000,	1571374,	1571915,	-12.9645,	0.0000,	0,	0,	-61.7977,	6200.0000,	7086.00,	0,	3716,	5.07,	
1572562,	-12.3629,	0.0000,	1572021,	1572562,	-13.5019,	0.0000,	0,	0,	-61.7977,	6200.0000,	6964.00,	0,	3716,	5.07,	
1573210,	-17.2984,	0.0000,	1572668,	1573209,	-13.0560,	0.0000,	0,	0,	-61.7977,	6200.0000,	7269.00,	0,	3716,	5.07,	
1573856,	-15.8906,	0.0000,	1573314,	1573856,	-14.7169,	0.0000,	0,	0,	-61.7977,	6200.0000,	7182.00,	0,	3716,	5.07,	
1574503,	-15.6478,	0.0000,	1573961,	1574503,	-15.1764,	0.0000,	0,	0,	-61.7977,	6200.0000,	7167.00,	0,	3716,	5.07,	
1575150,	-14.4989,	0.0000,	1574608,	1575150,	-15.3609,	0.0000,	0,	0,	-61.7977,	6200.0000,	7096.00,	0,	3716,	5.10,	
1575796,	-20.2273,	0.0000,	1575255,	1575796,	-20.2273,	0.0000,	1,	0,	-61.7977,	6200.0000,	7450.00,	0,	3716,	5.07,	
1576443,	-12.0555,	0.0000,	1575902,	1576443,	-12.0555,	0.0000,	1,	0,	-61.7977,	6200.0000,	6945.00,	0,	3716,	5.07,	
1577091,	-14.8226,	0.0000,	1576549,	1577091,	-12.0555,	0.0000,	0,	0,	-61.7977,	6200.0000,	7116.00,	0,	3716,	5.10,	
1577737,	-14.9035,	0.0000,	1577195,	1577737,	-13.1388,	0.0000,	0,	0,	-61.7977,	6200.0000,	7121.00,	0,	3716,	5.07,	
1578384,	-14.0135,	0.0000,	1577842,	1578384,	-13.8297,	0.0000,	0,	0,	-61.7977,	6200.0000,	7066.00,	0,	3716,	5.07,	
1579031,	-15.1947,	0.0000,	1578489,	1579031,	-13.9016,	0.0000,	0,	0,	-61.7977,	6200.0000,	7139.00,	0,	3716,	5.07,	
1579677,	-9.8386,	0.0000,	1579136,	1579677,	-9.8386,	0.0000,	1,	0,	-61.7977,	6200.0000,	6808.00,	0,	3716,	5.07,	
1580324,	-14.7740,	0.0000,	1579781,	1580324,	-9.8386,	0.0000,	0,	0,	-61.7977,	6200.0000,	7113.00,	0,	3716,	5.07,	
1580972,	-14.6607,	0.0000,	1580429,	1580972,	-11.7708,	0.0000,	0,	0,	-61.7977,	6200.0000,	7106.00,	0,	3716,	5.07,	
1581618,	-14.2724,	0.0000,	1581077,	1581618,	-12.9022,	0.0000,	0,	0,	-61.7977,	6200.0000,	7082.00,	0,	3716,	5.07,	
1582265,	-13.6736,	0.0000,	1581723,	1582265,	-13.4386,	0.0000,	0,	0,	-61.7977,	6200.0000,	7045.00,	0,	3716,	5.07,	
1582912,	-14.5960,	0.0000,	1582370,	1582912,	-13.5306,	0.0000,	0,	0,	-61.7977,	6200.0000,	7102.00,	0,	3716,	5.07,	
1583558,	-14.9196,	0.0000,	1583017,	1583558,	-13.9477,	0.0000,	0,	0,	-61.7977,	6200.0000,	7122.00,	0,	3716,	5.07,	
1584205,	-14.1915,	0.0000,	1583664,	1584205,	-14.3282,	0.0000,	0,	0,	-61.7977,	6200.0000,	7077.00,	0,	3716,	5.07,	
1584852,	-16.6835,	0.0000,	1584311,	1584852,	-14.2747,	0.0000,	0,	0,	-61.7977,	6200.0000,	7231.00,	0,	3716,	5.07,	
1585500,	-15.9391,	0.0000,	1584958,	1585500,	-15.2177,	0.0000,	0,	0,	-61.7977,	6200.0000,	7185.00,	0,	3716,	5.07,	
1586146,	-14.1915,	0.0000,	1585604,	1586146,	-15.5001,	0.0000,	0,	0,	-61.7977,	6200.0000,	7077.00,	0,	3716,	5.07,	
1586793,	-12.8807,	0.0000,	1586251,	1586793,	-14.9878,	0.0000,	0,	0,	-61.7977,	6200.0000,	6996.00,	0,	3716,	5.07,	
1587440,	-14.1106,	0.0000,	1586898,	1587440,	-14.1629,	0.0000,	0,	0,	-61.7977,	6200.0000,	7072.00,	0,	3716,	5.07,	
1588086,	-11.1169,	0.0000,	1587546,	1588086,	-14.1424,	0.0000,	0,	0,	-61.7977,	6200.0000,	6887.00,	0,	3716,	5.07,	
1588733,	-12.0716,	0.0000,	1588192,	1588733,	-12.9579,	0.0000,	0,	0,	-61.7977,	6200.0000,	6946.00,	0,	3716,	5.07,	
1589381,	-13.4795,	0.0000,	1588839,	1589381,	-12.6109,	0.0000,	0,	0,	-61.7977,	6200.0000,	7033.00,	0,	3716,	5.07,	
1590028,	-16.8129,	0.0000,	1589486,	1590027,	-12.9510,	0.0000,	0,	0,	-61.7977,	6200.0000,	7239.00,	0,	3716,	5.07,	
1590674,	-17.6220,	0.0000,	1590132,	1590674,	-14.4629,	0.0000,	0,	0,	-61.7977,	6200.0000,	7289.00,	0,	3716,	5.07,	
1591321,	-14.5798,	0.0000,	1590779,	1591321,	-15.6997,	0.0000,	0,	0,	-61.7977,	6200.0000,	7101.00,	0,	3716,	5.07,	
1591968,	-16.8453,	0.0000,	1591427,	1591968,	-15.2613,	0.0000,	0,	0,	-61.7977,	6200.0000,	7241.00,	0,	3716,	5.07,	
1592614,	-17.3146,	0.0000,	1592074,	1592614,	-15.8814,	0.0000,	0,	0,	-61.7977,	6200.0000,	7270.00,	0,	3716,	5.10,	
1593262,	-16.2951,	0.0000,	1592720,	1593262,	-16.4425,	0.0000,	0,	0,	-61.7977,	6200.0000,	7207.00,	0,	3716,	5.07,	
1593909,	-13.4309,	0.0000,	1593367,	1593909,	-16.3848,	0.0000,	0,	0,	-61.7977,	6200.0000,	7030.00,	0,	3716,	5.07,	
1594556,	-14.5151,	0.0000,	1594014,	1594556,	-15.2284,	0.0000,	0,	0,	-61.7977,	6200.0000,	7097.00,	0,	3716,	5.07,	
1595202,	-14.4342,	0.0000,	1594660,	1595202,	-14.9491,	0.0000,	0,	0,	-61.7977,	6200.0000,	7092.00,	0,	3716,	5.07,	
1595849,	-15.6640,	0.0000,	1595308,	1595849,	-14.7475,	0.0000,	0,	0,	-61.7977,	6200.0000,	7168.00,	0,	3716,	5.10,	
1596496,	-15.0653,	0.0000,	1595955,	1596496,	-15.1063,	0.0000,	0,	0,	-61.7977,	6200.0000,	7131.00,	0,	3716,	5.07,	
1597143,	-12.6542,	0.0000,	1596602,	1597143,	-15.0903,	0.0000,	0,	0,	-61.7977,	6200.0000,	6982.00,	0,	3716,	5.07,	
1597790,	-13.9487,	0.0000,	1597248,	1597790,	-14.1365,	0.0000,	0,	0,	-61.7977,	6200.0000,	7062.00,	0,	3716,	5.07,	
1598437,	-15.1300,	0.0000,	1597895,	1598437,	-14.0630,	0.0000,	0,	0,	-61.7977,	6200.0000,	7135.00,	0,	3716,	5.07,	
1599084,	-16.1171,	0.0000,	1598545,	1599084,	-14.4807,	0.0000,	0,	0,	-61.7977,	6200.0000,	7196.00,	0,	3716,	5.07,	
1599730,	-14.7093,	0.0000,	1599188,	1599730,	-15.1214,	0.0000,	0,	0,	-61.7977,	6200.0000,	7109.00,	0,	3716,	5.07,	
1600377,	-12.5733,	0.0000,	1599836,	1600377,	-14.9600,	0.0000,	0,	0,	-61.7977,	6200.0000,	6977.00,	0,	3716,	5.10,	
1601025,	-13.8193,	0.0000,	1600483,	1601025,	-14.0256,	0.0000,	0,	0,	-61.7977,	6200.0000,	7054.00,	0,	3716,	5.07,	
1601671,	-11.5862,	0.0000,	1601130,	1601671,	-13.9448,	0.0000,	0,	0,	-61.7977,	6200.0000,	6916.00,	0,	3716,	5.07,	
1602318,	-14.7578,	0.0000,	1601776,	1602318,	-13.0214,	0.0000,	0,	0,	-61.7977,	6200.0000,	7112.00,	0,	3716,	5.07,	
1602965,	-16.3113,	0.0000,	1602423,	1602965,	-13.7012,	0.0000,	0,	0,	-61.7977,	6200.0000,	7208.00,	0,	3716,	5.07,	
1603611,	-15.5346,	0.0000,	1603070,	1603611,	-14.7231,	0.0000,	0,	0,	-61.7977,	6200.0000,	7160.00,	0,	3716,	5.07,	
1604258,	-13.0264,	0.0000,	1603717,	1604258,	-15.0408,	0.0000,	0,	0,	-61.7977,	6200.0000,	7005.00,	0,	3716,	5.07,	
1604905,	-14.2562,	0.0000,	1604364,	1604905,	-14.2521,	0.0000,	0,	0,	-61.7977,	6200.0000,	7081.00,	0,	3716,	5.07,	
1605553,	-14.2400,	0.0000,	1605011,	1605552,	-14.2537,	0.0000,	0,	0,	-61.7977,	6200.0000,	7080.00,	0,	3716,	5.07,	
1606199,	-15.9067,	0.0000,	1605657,	1606199,	-14.2484,	0.0000,	0,	0,	-61.7977,	6200.0000,	7183.00,	0,	3716,	5.07,	
1606846,	-15.4051,	0.0000,	1606304,	1606846,	-14.8976,	0.0000,	0,	0,	-61.7977,	6200.0000,	7152.00,	0,	3716,	5.07,	
1607493,	-12.7998,	0.0000,	1606951,	1607493,	-15.0963,	0.0000,	0,	0,	-61.7977,	6200.0000,	6991.00,	0,	3716,	5.07,	
1608139,	-12.7027,	0.0000,	1607598,	1608139,	-14.1972,	0.0000,	0,	0,	-61.7977,	6200.0000,	6985.00,	0,	3716,	5.07,	
1608786,	-13.6898,	0.0000,	1608245,	1608786,	-13.6121,	0.0000,	0,	0,	-61.7977,	6200.0000,	7046.00,	0,	3716,	5.07,	
1609434,	-14.5798,	0.0000,	1608892,	1609434,	-13.6426,	0.0000,	0,	0,	-61.7977,	6200.0000,	7101.00,	0,	3716,	5.07,	
1610080,	-15.7773,	0.0000,	1609539,	1610080,	-14.0095,	0.0000,	0,	0,	-61.7977,	6200.0000,	7175.00,	0,	3716,	5.07,	
1610727,	-14.3371,	0.0000,	1610185,	1610727,	-14.7016,	0.0000,	0,	0,	-61.7977,	6200.0000,	7086.00,	0,	3716,	5.07,	
1611374,	-16.1980,	0.0000,	1610832,	1611374,	-14.5589,	0.0000,	0,	0,	-61.7977,	6200.0000,	7201.00,	0,	3716,	5.07,	
1612021,	-14.7578,	0.0000,	1611480,	1612021,	-15.2006,	0.0000,	0,	0,	-61.7977,	6200.0000,	7112.00,	0,	3716,	5.07,	
1612667,	-13.6575,	0.0000,	1612126,	1612667,	-15.0273,	0.0000,	0,	0,	-61.7977,	6200.0000,	7044.00,	0,	3716,	5.07,	
1613315,	-16.2142,	0.0000,	1612773,	1613315,	-14.4910,	0.0000,	0,	0,	-61.7977,	6200.0000,	7202.00,	0,	3716,	5.07,	
1613962,	-14.7902,	0.0000,	1613420,	1613962,	-15.1656,	0.0000,	0,	0,	-61.7977,	6200.0000,	7114.00,	0,	3716,	5.07,	
1614609,	-14.4342,	0.0000,	1614067,	1614608,	-15.0186,	0.0000,	0,	0,	-61.7977,	6200.0000,	7092.00,	0,	3716,	5.07,	
1615255,	-14.6446,	0.0000,	1614713,	1615255,	-14.7898,	0.0000,	0,	0,	-61.7977,	6200.0000,	7105.00,	0,	3716,	5.07,	
1615902,	-11.2949,	0.0000,	1615361,	1615902,	-14.7330,	0.0000,	0,	0,	-61.7977,	6200.0000,	6898.00,	0,	3716,	5.07,	
1616549,	-13.3500,	0.0000,	1616008,	1616549,	-13.3870,	0.0000,	0,	0,	-61.7977,	6200.0000,	7025.00,	0,	3716,	5.07,	
1617196,	-15.9391,	0.0000,	1616654,	1617196,	-13.3725,	0.0000,	0,	0,	-61.7977,	6200.0000,	7185.00,	0,	3716,	5.07,	
1617843,	-14.8711,	0.0000,	1617301,	1617843,	-14.3773,	0.0000,	0,	0,	-61.7977,	6200.0000,	7119.00,	0,	3716,	5.07,	
1618490,	-14.8549,	0.0000,	1617948,	1618490,	-14.5706,	0.0000,	0,	0,	-61.7977,	6200.0000,	7118.00,	0,	3716,	5.07,	
1619136,	-13.7384,	0.0000,	1618595,	1619136,	-14.6819,	0.0000,	0,	0,	-61.7977,	6200.0000,	7049.00,	0,	3716,	5.07,	
1619783,	-12.0716,	0.0000,	1619241,	1619783,	-14.3125,	0.0000,	0,	0,	-61.7977,	6200.0000,	6946.00,	0,	3716,	5.07,	
1620430,	-18.7062,	0.0000,	1619889,	1620430,	-18.7062,	0.0000,	1,	0,	-61.7977,	6200.0000,	7356.00,	0,	3716,	5.07,	
1621076,	-16.9100,	0.0000,	1620536,	1621076,	-18.7062,	0.0000,	0,	0,	-61.7977,	6200.0000,	7245.00,	0,	3716,	5.07,	
1621724,	-11.3758,	0.0000,	1621182,	1621724,	-11.3758,	0.0000,	1,	0,	-61.7977,	6200.0000,	6903.00,	0,	3716,	5.07,	
1622371,	-12.7836,	0.0000,	1621829,	1622371,	-11.3758,	0.0000,	0,	0,	-61.7977,	6200.0000,	6990.00,	0,	3716,	5.07,	
1623017,	-14.9035,	0.0000,	1622476,	1623017,	-11.9270,	0.0000,	0,	0,	-61.7977,	6200.0000,	7121.00,	0,	3716,	5.07,	
1623664,	-14.5960,	0.0000,	1623122,	1623664,	-13.0923,	0.0000,	0,	0,	-61.7977,	6200.0000,	7102.00,	0,	3716,	5.07,	
1624311,	-12.7189,	0.0000,	1623770,	1624311,	-13.6810,	0.0000,	0,	0,	-61.7977,	6200.0000,	6986.00,	0,	3716,	5.07,	
1624958,	-12.2982,	0.0000,	1624417,	1624958,	-13.3043,	0.0000,	0,	0,	-61.7977,	6200.0000,	6960.00,	0,	3716,	5.07,	
1625605,	-15.3566,	0.0000,	1625063,	1625605,	-12.9104,	0.0000,	0,	0,	-61.7977,	6200.0000,	7149.00,	0,	3716,	5.07,	
1626252,	-13.8031,	0.0000,	1625710,	1626252,	-13.8681,	0.0000,	0,	0,	-61.7977,	6200.0000,	7053.00,	0,	3716,	5.07,	
1626899,	-11.6833,	0.0000,	1626357,	1626899,	-13.8426,	0.0000,	0,	0,	-61.7977,	6200.0000,	6922.00,	0,	3716,	5.07,	
1627545,	-13.6413,	0.0000,	1627004,	1627545,	-12.9973,	0.0000,	0,	0,	-61.7977,	6200.0000,	7043.00,	0,	3716,	5.07,	
1628192,	-10.1460,	0.0000,	1627651,	1628192,	-13.2494,	0.0000,	0,	0,	-61.7977,	6200.0000,	6827.00,	0,	3716,	5.07,	
1628839,	-14.1591,	0.0000,	1628298,	1628839,	-12.0344,	0.0000,	0,	0,	-61.7977,	6200.0000,	7075.00,	0,	3716,	5.07,	
1629487,	-13.5280,	0.0000,	1628945,	1629487,	-12.8662,	0.0000,	0,	0,	-61.7977,	6200.0000,	7036.00,	0,	3716,	5.07,	
1630134,	-11.6995,	0.0000,	1629592,	1630134,	-13.1253,	0.0000,	0,	0,	-61.7977,	6200.0000,	6923.00,	0,	3716,	5.07,	
1630780,	-15.1462,	0.0000,	1630238,	1630780,	-12.5671,	0.0000,	0,	0,	-61.7977,	6200.0000,	7136.00,	0,	3716,	5.07,	
1631427,	-12.4276,	0.0000,	1630885,	1631427,	-13.5768,	0.0000,	0,	0,	-61.7977,	6200.0000,	6968.00,	0,	3716,	5.07,	
1632074,	-16.7158,	0.0000,	1631533,	1632074,	-13.1269,	0.0000,	0,	0,	-61.7977,	6200.0000,	7233.00,	0,	3716,	5.07,	
1632721,	-12.0716,	0.0000,	1632180,	1632721,	-14.5320,	0.0000,	0,	0,	-61.7977,	6200.0000,	6946.00,	0,	3716,	5.07,	
1633369,	-13.4795,	0.0000,	1632827,	1633368,	-13.5688,	0.0000,	0,	0,	-61.7977,	6200.0000,	7033.00,	0,	3716,	5.07,	
1634015,	-14.7578,	0.0000,	1633473,	1634015,	-13.5338,	0.0000,	0,	0,	-61.7977,	6200.0000,	7112.00,	0,	3716,	4.56,	
1634662,	-4.3691,	0.0000,	1634120,	1634662,	-4.3691,	0.0000,	1,	0,	-61.7977,	6200.0000,	6470.00,	0,	3716,	4.56,	
1635309,	-1.2784,	0.0000,	1634765,	1635309,	-4.3691,	0.0000,	0,	0,	-61.7977,	6200.0000,	6279.00,	0,	3716,	4.56,	
1635956,	-1.4402,	0.0000,	1635412,	1635956,	-3.1591,	0.0000,	0,	0,	-61.7977,	6200.0000,	6289.00,	0,	3716,	4.62,	
1636603,	-1.5858,	0.0000,	1636060,	1636603,	-2.4861,	0.0000,	0,	0,	-61.7977,	6200.0000,	6298.00,	0,	3716,	4.64,	
1637251,	-0.9062,	0.0000,	1636707,	1637251,	-2.1337,	0.0000,	0,	0,	-61.7977,	6200.0000,	6256.00,	0,	3716,	4.69,	
1637898,	-1.1165,	0.0000,	1637353,	1637897,	-1.6531,	0.0000,	0,	0,	-61.7977,	6200.0000,	6269.00,	0,	3716,	4.56,	
1638544,	-1.5858,	0.0000,	1638000,	1638544,	-1.4430,	0.0000,	0,	0,	-61.7977,	6200.0000,	6298.00,	0,	3716,	4.60,	
1639191,	-1.2622,	0.0000,	1638647,	1639191,	-1.4989,	0.0000,	0,	0,	-61.7977,	6200.0000,	6278.00,	0,	3716,	4.54,	
1639838,	-1.7153,	0.0000,	1639298,	1639838,	-1.4062,	0.0000,	0,	0,	-61.7977,	6200.0000,	6306.00,	0,	3716,	4.73,	
1640485,	-2.4596,	0.0000,	1639942,	1640485,	-1.5272,	0.0000,	0,	0,	-61.7977,	6200.0000,	6352.00,	0,	3716,	4.65,	
1641133,	-0.0971,	0.0000,	1640589,	1641133,	-1.8923,	0.0000,	0,	0,	-61.7977,	6200.0000,	6206.00,	0,	3716,	4.54,	
1641780,	-1.1813,	0.0000,	1641236,	1641780,	-1.1895,	0.0000,	0,	0,	-61.7977,	6200.0000,	6273.00,	0,	3716,	4.73,	
1642426,	-2.3625,	0.0000,	1641882,	1642426,	-1.1863,	0.0000,	0,	0,	-61.7977,	6200.0000,	6346.00,	0,	3716,	4.58,	
1643073,	-2.2007,	0.0000,	1642529,	1643073,	-1.6468,	0.0000,	0,	0,	-61.7977,	6200.0000,	6336.00,	0,	3716,	4.69,	
1643720,	-1.9580,	0.0000,	1643176,	1643720,	-1.8636,	0.0000,	0,	0,	-61.7977,	6200.0000,	6321.00,	0,	3716,	4.69,	
1644367,	-2.8318,	0.0000,	1643824,	1644367,	-1.9006,	0.0000,	0,	0,	-61.7977,	6200.0000,	6375.00,	0,	3716,	4.64,	
1645015,	-0.8091,	0.0000,	1644471,	1645015,	-2.2652,	0.0000,	0,	0,	-61.7977,	6200.0000,	6250.00,	0,	3716,	4.60,	
1645662,	-2.0551,	0.0000,	1645118,	1645662,	-1.6951,	0.0000,	0,	0,	-61.7977,	6200.0000,	6327.00,	0,	3716,	4.56,	
1646309,	-1.8124,	0.0000,	1645765,	1646309,	-1.8360,	0.0000,	0,	0,	-61.7977,	6200.0000,	6312.00,	0,	3716,	4.69,	
1646955,	-1.1489,	0.0000,	1646411,	1646955,	-1.8268,	0.0000,	0,	0,	-61.7977,	6200.0000,	6271.00,	0,	3716,	4.60,	
1647602,	-1.8771,	0.0000,	1647058,	1647602,	-1.5614,	0.0000,	0,	0,	-61.7977,	6200.0000,	6316.00,	0,	3716,	4.62,	
1648249,	-1.6829,	0.0000,	1647706,	1648249,	-1.6850,	0.0000,	0,	0,	-61.7977,	6200.0000,	6304.00,	0,	3716,	4.58,	
1648897,	-2.4596,	0.0000,	1648353,	1648897,	-1.6842,	0.0000,	0,	0,	-61.7977,	6200.0000,	6352.00,	0,	3716,	4.69,	
1649544,	-1.2622,	0.0000,	1649000,	1649544,	-1.9878,	0.0000,	0,	0,	-61.7977,	6200.0000,	6278.00,	0,	3716,	4.56,	
1650191,	0.7929,	0.0000,	1649647,	1650191,	-1.7037,	0.0000,	0,	0,	-61.7977,	6200.0000,	6151.00,	0,	3716,	4.64,	
1650838,	-0.3236,	0.0000,	1650293,	1650838,	-0.7263,	0.0000,	0,	0,	-61.7977,	6200.0000,	6220.00,	0,	3716,	4.60,	
1651484,	-2.7347,	0.0000,	1650940,	1651484,	-0.5686,	0.0000,	0,	0,	-61.7977,	6200.0000,	6369.00,	0,	3716,	4.51,	
1652131,	-3.1393,	0.0000,	1651588,	1652131,	-1.4167,	0.0000,	0,	0,	-61.7977,	6200.0000,	6394.00,	0,	3716,	4.64,	
1652779,	-0.9547,	0.0000,	1652235,	1652779,	-2.0911,	0.0000,	0,	0,	-61.7977,	6200.0000,	6259.00,	0,	3716,	4.62,	
1653426,	-1.2622,	0.0000,	1652882,	1653426,	-1.6462,	0.0000,	0,	0,	-61.7977,	6200.0000,	6278.00,	0,	3716,	4.58,	
1654073,	-1.2460,	0.0000,	1653529,	1654073,	-1.4959,	0.0000,	0,	0,	-61.7977,	6200.0000,	6277.00,	0,	3716,	4.58,	
1654720,	0.9385,	0.0000,	1654176,	1654720,	-1.3980,	0.0000,	0,	0,	-61.7977,	6200.0000,	6142.00,	0,	3716,	4.73,	
1655367,	-2.2655,	0.0000,	1654822,	1655366,	-0.4833,	0.0000,	0,	0,	-61.7977,	6200.0000,	6340.00,	0,	3716,	4.64,	
1656013,	-0.2427,	0.0000,	1655470,	1656013,	-1.1810,	0.0000,	0,	0,	-61.7977,	6200.0000,	6215.00,	0,	3716,	4.62,	
1656660,	-1.4887,	0.0000,	1656117,	1656660,	-0.8137,	0.0000,	0,	0,	-61.7977,	6200.0000,	6292.00,	0,	3716,	4.64,	
1657308,	-1.2298,	0.0000,	1656764,	1657308,	-1.0780,	0.0000,	0,	0,	-61.7977,	6200.0000,	6276.00,	0,	3716,	4.65,	
1657955,	-1.6182,	0.0000,	1657411,	1657955,	-1.1374,	0.0000,	0,	0,	-61.7977,	6200.0000,	6300.00,	0,	3716,	4.58,	
1658602,	-1.1327,	0.0000,	1658058,	1658602,	-1.3256,	0.0000,	0,	0,	-61.7977,	6200.0000,	6270.00,	0,	3716,	4.62,	
1659249,	-0.9385,	0.0000,	1658705,	1659249,	-1.2501,	0.0000,	0,	0,	-61.7977,	6200.0000,	6258.00,	0,	3716,	4.54,	
1659895,	-1.6991,	0.0000,	1659352,	1659895,	-1.1281,	0.0000,	0,	0,	-61.7977,	6200.0000,	6305.00,	0,	3716,	4.62,	
1660542,	-0.7120,	0.0000,	1659999,	1660542,	-1.3517,	0.0000,	0,	0,	-61.7977,	6200.0000,	6244.00,	0,	3716,	4.65,	
1661190,	-1.8124,	0.0000,	1660646,	1661190,	-1.1012,	0.0000,	0,	0,	-61.7977,	6200.0000,	6312.00,	0,	3716,	4.60,	
1661837,	-1.6991,	0.0000,	1661293,	1661837,	-1.3796,	0.0000,	0,	0,	-61.7977,	6200.0000,	6305.00,	0,	3716,	4.56,	
1662484,	-2.0551,	0.0000,	1661940,	1662484,	-1.5047,	0.0000,	0,	0,	-61.7977,	6200.0000,	6327.00,	0,	3716,	4.65,	
1663131,	-1.6182,	0.0000,	1662587,	1663131,	-1.7202,	0.0000,	0,	0,	-61.7977,	6200.0000,	6300.00,	0,	3716,	4.71,	
1663778,	-1.7962,	0.0000,	1663235,	1663778,	-1.6803,	0.0000,	0,	0,	-61.7977,	6200.0000,	6311.00,	0,	3716,	4.64,	
1664424,	-1.6182,	0.0000,	1663881,	1664424,	-1.7256,	0.0000,	0,	0,	-61.7977,	6200.0000,	6300.00,	0,	3716,	4.69,	
1665072,	-1.4402,	0.0000,	1664528,	1665072,	-1.6836,	0.0000,	0,	0,	-61.7977,	6200.0000,	6289.00,	0,	3716,	4.56,	
1665719,	-1.5535,	0.0000,	1665175,	1665719,	-1.5883,	0.0000,	0,	0,	-61.7977,	6200.0000,	6296.00,	0,	3716,	4.56,	
1666366,	-2.0065,	0.0000,	1665822,	1666366,	-1.5746,	0.0000,	0,	0,	-61.7977,	6200.0000,	6324.00,	0,	3716,	4.69,	
1667013,	-2.1684,	0.0000,	1666469,	1667013,	-1.7437,	0.0000,	0,	0,	-61.7977,	6200.0000,	6334.00,	0,	3716,	4.64,	
1667660,	-1.3755,	0.0000,	1667117,	1667660,	-1.9100,	0.0000,	0,	0,	-61.7977,	6200.0000,	6285.00,	0,	3716,	4.65,	
1668306,	-1.3269,	0.0000,	1667763,	1668306,	-1.7007,	0.0000,	0,	0,	-61.7977,	6200.0000,	6282.00,	0,	3716,	4.56,	
1668954,	-0.8576,	0.0000,	1668410,	1668954,	-1.5544,	0.0000,	0,	0,	-61.7977,	6200.0000,	6253.00,	0,	3716,	4.69,	
1669601,	-1.4887,	0.0000,	1669057,	1669601,	-1.2816,	0.0000,	0,	0,	-61.7977,	6200.0000,	6292.00,	0,	3716,	4.62,	
1670248,	-1.6344,	0.0000,	1669704,	1670248,	-1.3627,	0.0000,	0,	0,	-61.7977,	6200.0000,	6301.00,	0,	3716,	4.65,	
1670895,	-1.6344,	0.0000,	1670351,	1670895,	-1.4691,	0.0000,	0,	0,	-61.7977,	6200.0000,	6301.00,	0,	3716,	4.60,	
1671542,	-1.5373,	0.0000,	1670999,	1671542,	-1.5338,	0.0000,	0,	0,	-61.7977,	6200.0000,	6295.00,	0,	3716,	4.56,	
1672189,	-2.3302,	0.0000,	1671646,	1672188,	-1.5351,	0.0000,	0,	0,	-61.7977,	6200.0000,	6344.00,	0,	3716,	4.49,	
1672836,	-1.0356,	0.0000,	1672292,	1672836,	-1.8464,	0.0000,	0,	0,	-61.7977,	6200.0000,	6264.00,	0,	3716,	4.71,	
1673483,	0.2104,	0.0000,	1672939,	1673483,	-1.5290,	0.0000,	0,	0,	-61.7977,	6200.0000,	6187.00,	0,	3716,	4.69,	
1674130,	-2.5729,	0.0000,	1673585,	1674130,	-0.8480,	0.0000,	0,	0,	-61.7977,	6200.0000,	6359.00,	0,	3716,	4.65,	
1674777,	-2.6862,	0.0000,	1674233,	1674777,	-1.5233,	0.0000,	0,	0,	-61.7977,	6200.0000,	6366.00,	0,	3716,	4.62,	
1675424,	-1.0842,	0.0000,	1674881,	1675424,	-1.9786,	0.0000,	0,	0,	-61.7977,	6200.0000,	6267.00,	0,	3716,	4.56,	
1676071,	-0.5340,	0.0000,	1675528,	1676071,	-1.6284,	0.0000,	0,	0,	-61.7977,	6200.0000,	6233.00,	0,	3716,	4.65,	
1676719,	-1.2622,	0.0000,	1676175,	1676718,	-1.2000,	0.0000,	0,	0,	-61.7977,	6200.0000,	6278.00,	0,	3716,	4.69,	
1677365,	-0.7767,	0.0000,	1676821,	1677365,	-1.2243,	0.0000,	0,	0,	-61.7977,	6200.0000,	6248.00,	0,	3716,	4.60,	
1678012,	-2.5567,	0.0000,	1677468,	1678012,	-1.0491,	0.0000,	0,	0,	-61.7977,	6200.0000,	6358.00,	0,	3716,	4.71,	
